condition,time,terminal_displacement,sls_q,bound_clutches,total_traction,actin_velocity,loading_rate,phase
fast,0.0,0.0,0.0,0,0.0,1.0,0.0,unbound
fast,0.02,0.0,0.0,0,0.0,1.0,0.0,unbound
fast,0.04,0.0034144619194158565,0.0048758270491046475,1,0.00658305800881291,0.9995056516069581,0.6508772923111781,loading
fast,0.06,0.01070564758691539,0.013917946890349808,1,0.01927077068380738,0.9984457652767116,0.61995400434698,loading
fast,0.08,0.018563252723037493,0.022089764250045614,1,0.031371390611564756,0.9974350484326922,0.5919718038700332,loading
fast,0.1,0.02693239042187834,0.029474543006280267,1,0.04294073821721929,0.9964688259260245,0.566649329512496,loading
fast,0.12,0.03576342513909836,0.036147581262699915,1,0.05402929383224928,0.9955428698587679,0.5437321374649403,loading
fast,0.14,0.04553978902572986,0.04295382781680387,2,0.06572372232966922,0.994588107673174,0.7810144077573244,loading
fast,0.16,0.05785559471675228,0.05192103103629945,2,0.08084882839467533,0.9933238285855941,0.7347714218046142,loading
fast,0.18,0.07158926316955316,0.061229740337082665,3,0.09702437192185928,0.9919833353935688,0.8243966446849077,loading
fast,0.2,0.08632769351776481,0.07019775400064146,4,0.11336160075952388,0.9906243997591595,0.8543978694374732,loading
fast,0.22,0.1020133051480574,0.07880401300498795,4,0.12981066557901688,0.9892486918960779,0.7949683319512513,loading
fast,0.24,0.11794720590109264,0.08618688318337979,4,0.1451604861339258,0.9879652802170338,0.7438487383318038,loading
fast,0.26,0.13409269320966466,0.09251835496622125,4,0.159564701571054,0.9867612641135023,0.6998709330817698,loading
fast,0.28,0.15041822536728056,0.0979462408543195,4,0.17315535353796024,0.9856255564532229,0.6620309766346422,loading
fast,0.3,0.16689669602816082,0.10259757428301396,4,0.18604592229709432,0.984548628646938,0.6294660603507474,loading
fast,0.32,0.18350481069596292,0.10658153068371601,4,0.1983339360316972,0.9835222915529198,0.6014346667346793,loading
fast,0.34,0.2002225508639377,0.10999193791098166,4,0.2101032133429504,0.9825395071813103,0.5772995186741348,loading
fast,0.36,0.2170327134847252,0.11290943376093254,4,0.2214257905032953,0.9815942268685274,0.5565129256241974,loading
fast,0.38,0.23392051518017176,0.11540332019191366,4,0.23236357778199962,0.9806812522006488,0.5386041897856853,loading
fast,0.4,0.25087325209019085,0.11753315688412029,4,0.24296978292921595,0.979796115487789,0.5231687826841025,loading
fast,0.42,0.26788000753911057,0.11935013078117511,4,0.2532901345507304,0.9789349770410455,0.5098590432763839,loading
fast,0.44,0.28511204467009676,0.12115610891736746,5,0.26371213125241605,0.9780683376706566,0.5321833002958076,loading
fast,0.46,0.3025654086961804,0.12292327541416105,5,0.274205979762251,0.9771926897445987,0.518256697435715,loading
fast,0.48,0.32005290033071176,0.12441633632294513,5,0.28444278648830096,0.9763386283444307,0.5063266214697104,loading
fast,0.5,0.33756756289481693,0.12567554577887138,5,0.29445932722628027,0.9755030643966361,0.49609998591437776,loading
fast,0.52,0.3551034625217184,0.12673524794843355,5,0.3042869792092929,0.9746833622937349,0.4873267341107268,loading
fast,0.54,0.3726555379902212,0.12762474470879945,5,0.3139525137039107,0.9738772733181532,0.47979352174987167,loading
fast,0.56,0.39021947260509293,0.1283690359377351,5,0.3234787722402813,0.9730828788405519,0.47331832690372666,loading
fast,0.58,0.40779158488746603,0.12898945111694898,5,0.3328852435606825,0.972298541857559,0.4677458513913102,loading
fast,0.6,0.42536873531368435,0.12950418820581827,5,0.34218855586266006,0.9715228656445529,0.46294359729581736,loading
fast,0.62,0.4429482467463792,0.12992877339969877,5,0.3514028967728892,0.9707546584788861,0.45879851952185247,loading
fast,0.64,0.46052783654758045,0.13027645338825938,5,0.36054037166205033,0.9699929035423124,0.4552141697986012,loading
fast,0.66,0.4781055586587044,0.1305585300239211,5,0.36961130935327385,0.9692367332422274,0.4521082600018045,loading
fast,0.68,0.4957703475126891,0.13091525191333972,6,0.37880042566968436,0.9684725429922836,0.4709415770873804,loading
fast,0.7000000000000001,0.5135702054800664,0.13138359374527558,6,0.38816869648530905,0.9676914619416127,0.46623978466198146,loading
fast,0.72,0.5314120016262738,0.13182846480579075,7,0.39753446561892813,0.9669120335205488,0.4788678655128775,loading
fast,0.74,0.5494023614551349,0.13239265454987853,8,0.40709383527744614,0.9661160787975863,0.48678084848152725,loading
fast,0.76,0.5675076498672933,0.1330084143026222,8,0.4167622392362693,0.9653098583926397,0.4805399479455019,loading
fast,0.78,0.5856112649388727,0.13351023286000047,8,0.42631586532943644,0.9645132803838161,0.47522993522985946,loading
fast,0.8,0.6037435029751208,0.1339630689432287,9,0.4358348204307887,0.963720518425808,0.48104154048500547,loading
fast,0.8200000000000001,0.6219466736480825,0.13442714275837306,9,0.4454004795824156,0.962922953285785,0.4759190118356349,loading
fast,0.84,0.640144444651833,0.13479971868317855,9,0.45487194100909434,0.9621333016936442,0.47156133282511004,loading
fast,0.86,0.6491130391721978,0.12186804569559104,8,0.44642456528168906,0.9628451268279826,0.5660872174804155,loading
fast,0.88,0.6669706161582276,0.12405549038174404,8,0.4575407984608578,0.9619171854551463,0.5470239226132989,loading
fast,0.9,0.6848536234727476,0.12588083879680115,8,0.4683076505331757,0.9610186055272897,0.5309168606517645,loading
fast,0.92,0.7027558381403196,0.12740129178177564,8,0.478779210851935,0.9601448406939193,0.5172991789654802,loading
fast,0.9400000000000001,0.7206720217269336,0.12866501610880363,8,0.4890010269722703,0.9592920625654465,0.5057777576285005,loading
fast,0.96,0.7385977648443713,0.1297125712837789,8,0.49901145370596434,0.9584570473215337,0.4960215643690091,loading
fast,0.98,0.7565293562128996,0.130578111005813,8,0.5088427891122628,0.957637080228039,0.48775184873051103,loading
fast,1.0,0.7744636724036376,0.13129039487327337,8,0.5185222310750929,0.9568298752341493,0.48073388488489854,loading
fast,1.02,0.7923980849945611,0.13187364030524437,8,0.5280726828025243,0.9560335072680042,0.4747700185747661,loading
fast,1.04,0.8103303823898926,0.13234823991411918,8,0.5375134311090651,0.9552463552252609,0.4696938121959704,loading
fast,1.06,0.8282587039869949,0.13273136557939974,8,0.5468607175728964,0.9544670539618046,0.4653651145520854,loading
fast,1.08,0.8344187385554438,0.11818032443970863,7,0.5353896937174303,0.9554314882429179,0.5675526324454561,loading
fast,1.1,0.8519268310206218,0.12056132411469883,7,0.5465247396250092,0.954501897208936,0.5475061322414154,loading
fast,1.12,0.8694692338909498,0.12255718512547759,7,0.5572918020709524,0.9536032261529166,0.5305159059514342,loading
fast,1.1400000000000001,0.8870385123909266,0.12422764185280057,7,0.5677468980482648,0.9527307675016324,0.5161080678538488,loading
fast,1.16,0.904628386256336,0.1256231658622559,7,0.5779373589904221,0.9518805436021334,0.5038822160223777,loading
fast,1.18,0.922233550706892,0.12678640225728213,7,0.5879031776107285,0.9510491935355615,0.49350003746650994,loading
fast,1.2,0.9399693791396633,0.12791872804966456,8,0.5979034176194947,0.9502161492286345,0.4972083631091806,loading
fast,1.22,0.9577342396886355,0.12888280660915258,8,0.6077499264534683,0.9493948515324119,0.4881448424105539,loading
fast,1.24,0.975503626465759,0.12967820977991087,8,0.61743002301279,0.9485875363250925,0.4804589139002502,loading
fast,1.26,0.9932746455641794,0.13033159016593515,8,0.6269689129480243,0.9477920850083522,0.47393304825060767,loading
fast,1.28,1.01104486181808,0.13086539096180927,8,0.6363878218708483,0.9470067135167441,0.4683840717782939,loading
fast,1.3,1.0288122263497677,0.1312985107690356,8,0.6457046239439177,0.946229919483043,0.46365774043422014,loading
fast,1.32,1.0465750155596378,0.13164686341407691,8,0.6549343711938946,0.9454604377480754,0.4596241707996995,loading
fast,1.34,1.0643317797518304,0.13192384935111184,8,0.6640897392270273,0.944697202897135,0.4561739926474129,loading
fast,1.36,1.0820812998737193,0.13214075261343006,8,0.6731814025502885,0.9439393177132428,0.45321510920182106,loading
fast,1.3800000000000001,1.0998225510877901,0.13230707507200026,8,0.682218350615895,0.943186026612761,0.4506699690267624,loading
fast,1.4000000000000001,1.1175546720968192,0.13243081790265956,8,0.6912081539510688,0.9424366932764774,0.44847326879704497,loading
fast,1.42,1.1352769393137194,0.1325187185995616,8,0.7001571882564235,0.9416907818135387,0.44657001888737113,loading
fast,1.44,1.1529887451108625,0.13257645055572606,8,0.7090708231111573,0.9409478409002758,0.44491391446754847,loading
fast,1.46,1.1706895795046428,0.13260879112267293,8,0.7179535808749926,0.940207490424073,0.44346596386879433,loading
fast,1.48,1.1883790147326945,0.13261976312744123,8,0.7268092704937872,0.9394694102366483,0.44219333356743107,loading
fast,1.5,1.2060566922669054,0.1326127540389972,8,0.7356411001724479,0.9387333306835952,0.4410683755897704,loading
fast,1.52,1.2237223118775624,0.13259061631401015,8,0.7444517722527917,0.9379990246296466,0.44006780855099237,loading
fast,1.54,1.2413756224246466,0.1325557518944414,8,0.7532435631067647,0.9372663007434339,0.43917202797039145,loading
fast,1.56,1.2590164141035185,0.1325101833599336,8,0.7620183904116924,0.9365349978428262,0.43836452560697126,loading
fast,1.58,1.276644511915288,0.13245561384270332,8,0.7707778698003449,0.9358049801333397,0.43763140042152315,loading
fast,1.6,1.2942597701684448,0.13239347747972108,8,0.7795233625639448,0.9350761331985729,0.43696094681955344,loading
fast,1.62,1.3118620678488853,0.1323249818966936,8,0.7882560158211338,0.9343483606238963,0.43634330788933084,loading
fast,1.6400000000000001,1.3265526211453462,0.12805173655058727,7,0.7913280471232613,0.93409409321645,0.4571657206606794,loading
fast,1.6600000000000001,1.3439270682007542,0.1284607303428339,7,0.8004242644432105,0.9333357103142372,0.4527882140568096,loading
fast,1.68,1.361297961169445,0.12879071704567494,7,0.8094396976303959,0.9325841117273088,0.4490383581023938,loading
fast,1.7,1.378663781852124,0.12905396000449867,7,0.8183858509305584,0.9318383306611617,0.4458188644993477,loading
fast,1.72,1.3960232490629352,0.12926082092052363,7,0.8272724454519911,0.9310975501732582,0.4430475310903681,loading
fast,1.74,1.4133752818753695,0.1294200547322531,7,0.8361076956699374,0.930361079936046,0.4406549024889017,loading
fast,1.76,1.4307189685675148,0.12953905877067165,7,0.8448985430544282,0.9296283366032548,0.4385822934858119,loading
fast,1.78,1.4480535403828565,0.12962408327879466,7,0.8536508534702234,0.9288988272207285,0.43678011896486346,loading
fast,1.8,1.465504517208192,0.12985199714863246,8,0.8626042557527276,0.928153501178733,0.446269897522944,loading
fast,1.82,1.482947615438814,0.13002786434532201,8,0.8715016720647306,0.927411832888482,0.44366672651463546,loading
fast,1.84,1.5003819483910554,0.13015991734615437,8,0.8803508915416842,0.9266742108762033,0.4414220561237414,loading
fast,1.86,1.517806771072694,0.13025508841612526,8,0.8891584739524712,0.9259400837795517,0.4394793070916503,loading
fast,1.8800000000000001,1.535221457803516,0.13031921495797552,8,0.8979299438597341,0.925208987248024,0.4377908360222449,loading
fast,1.9000000000000001,1.5390483446475383,0.11029423024899346,7,0.8798184025727622,0.9267304971688282,0.5843685986994807,loading
fast,1.92,1.5559413015685273,0.11326873677353508,7,0.8912393875577957,0.9257766884426687,0.5596488698205171,loading
fast,1.94,1.572880395784198,0.11576655559075308,7,0.9022067534828526,0.9248609965151836,0.5387116650561463,loading
fast,1.96,1.5898564228282055,0.11786161690557226,7,0.9127898283196729,0.9239775951800542,0.5209704803226245,loading
fast,1.98,1.6068616071159632,0.11961638681022144,7,0.9230471903682027,0.9231215616158748,0.5059297587004519,loading
fast,2.0,1.62388938037164,0.12108364498492118,7,0.9330283351707394,0.9222887363013997,0.4931707875364122,loading
fast,2.02,1.6409341944137008,0.12230798673660767,7,0.9427750839434592,0.9214756046532535,0.4823397825008957,loading
fast,2.04,1.6579913629711829,0.12332709212166389,7,0.9523227736072566,0.9206791970176734,0.4731378193374436,loading
fast,2.06,1.6750569280289636,0.12417279827013308,7,0.9617012622846137,0.919897004170194,0.4653123269424686,loading
fast,2.08,1.692127546898405,0.12487200542829098,7,0.9709357788774939,0.9191269059185004,0.45864989949939705,loading
fast,2.1,1.7092003967995897,0.1254474425043073,7,0.9800476409041041,0.9183671107765985,0.4529702232860533,loading
fast,2.12,1.726273094239641,0.1259183139033581,7,0.9890548610231773,0.9176161049934992,0.4481209451683288,loading
fast,2.14,1.7433436268927807,0.12630084606023215,7,0.9979726595066212,0.9168726094858539,0.44397333686885254,loading
fast,2.16,1.7604102960435206,0.12660874922300636,7,1.0068138972447658,0.9161355434488974,0.4404186315343228,loading
fast,2.18,1.7774716679549751,0.12685360762950199,7,1.0155894416069893,0.9154039936101154,0.4373649283742065,loading
fast,2.2,1.7945265327783453,0.12704520918041942,7,1.024308475569592,0.9146771882506445,0.43473457732523535,loading
fast,2.22,1.811573869834147,0.12719182399118123,7,1.0329787589082546,0.9139544752550794,0.43246196920798674,loading
fast,2.24,1.8286128182771808,0.12730043974971494,7,1.041606848888301,0.9132353035650255,0.43049166860620325,loading
fast,2.2600000000000002,1.8456426523103708,0.12737696057808182,7,1.050198286733265,0.912519207508584,0.4287768362725153,loading
fast,2.2800000000000002,1.8627366610282312,0.12753084731056866,8,1.0588991778246857,0.9117949573333755,0.4386658251915865,loading
fast,2.3000000000000003,1.8798717258663036,0.12770869570583032,8,1.0676445586389842,0.9110659590359198,0.4360670700211955,loading
fast,2.32,1.8969982673968886,0.12784269972261836,8,1.0763418334210637,0.9103409994687316,0.43382704584260523,loading
fast,2.34,1.9141155399470726,0.1279397961736224,8,1.0849975661471578,0.9096195269157621,0.43188913630309855,loading
fast,2.36,1.9312229172343507,0.12800582629120497,8,1.093617284908382,0.9089010767298638,0.43020566674734084,loading
fast,2.38,1.948319873509364,0.12804570875872945,8,1.1022056455134155,0.9081852575815521,0.428736492040116,loading
fast,2.4,1.9654499472077216,0.12812667750314113,9,1.1108516511070003,0.9074654177073946,0.43666359573646396,loading
fast,2.42,1.9826238895137571,0.1282493400638851,9,1.1195612848207657,0.9067394315995898,0.4344640158433499,loading
fast,2.44,1.9998200839765286,0.12838265109067654,10,1.1282926930789405,0.9060122925235834,0.44020336194194876,loading
fast,2.46,2.017054982454745,0.12854178705846656,10,1.1370692782858427,0.905280697498308,0.43764826553882585,loading
fast,2.48,2.0342800127540634,0.12865864617689157,10,1.145798652553922,0.904553066757971,0.4354536495743133,loading
fast,2.5,2.0514945903049107,0.1287400995816565,10,1.1544873947341117,0.9038288471953806,0.43356107867875693,loading
fast,2.52,2.068724930588097,0.12883040028308373,11,1.1631928655771264,0.9031037823738843,0.43825406373798614,loading
fast,2.54,2.0859846608999604,0.12894210826979996,11,1.1719344387197812,0.9023751357426997,0.43606763217773903,loading
fast,2.56,2.1032335322825126,0.12901879324504276,11,1.1806355593863032,0.9016498854369316,0.4341846294826368,loading
fast,2.58,2.1204711047139657,0.12906620740537228,11,1.1893017597623547,0.9009275663012746,0.4325553776496349,loading
fast,2.6,2.1376970120248195,0.12908916035639206,11,1.197937666368806,0.9002077893308588,0.43113833911112565,loading
fast,2.62,2.154910949794715,0.12909167356991577,11,1.2065471484672758,0.8994902291929594,0.42989878278820726,loading
fast,2.64,2.172112665232568,0.12907710953108817,11,1.2151334421473727,0.898774613793449,0.42880766876152165,loading
fast,2.66,2.1893019487149914,0.12904827972289162,11,1.223699254080385,0.8980607155529408,0.4278407156745878,loading
fast,2.68,2.2064786267112666,0.1290075349158247,11,1.2322468482714641,0.8973483441124632,0.4269776210223952,loading
fast,2.7,2.223642555867677,0.12895684066231763,11,1.2407781185961597,0.8966373402344104,0.42620140908455895,loading
fast,2.72,2.2407936180611827,0.12889784042028546,11,1.2492946494508774,0.895927570702914,0.42549788584445025,loading
fast,2.74,2.2579317162636414,0.12883190833297706,11,1.257797766464798,0.8952189240598625,0.42485518314716586,loading
fast,2.7600000000000002,2.2750567710837473,0.12876019336009661,11,1.2662885789019738,0.8945113070396329,0.42426337756840127,loading
fast,2.7800000000000002,2.2921687178755974,0.12868365617738367,11,1.2747680151151854,0.8938046415880473,0.42371417175246506,loading
fast,2.8000000000000003,2.309267504321081,0.12860310002967298,11,1.2832368521902109,0.8930988623698108,0.42320062794143354,loading
fast,2.82,2.3263530884084336,0.1285191965282329,11,1.2916957407324454,0.8923939146843962,0.4227169452004631,loading
fast,2.84,2.3434254367420113,0.12843250722083374,11,1.3001452255918453,0.8916897527234415,0.422258273143683,loading
fast,2.86,2.3604845231290685,0.1283435016272632,11,1.308585763191798,0.8909863381136938,0.42182055612283165,loading
fast,2.88,2.377530327398084,0.12825257231943368,11,1.3170177360184803,0.8902836386987155,0.4214004030669294,loading
fast,2.9,2.3945628344107384,0.12816004753042617,11,1.3254414647357966,0.8895816275202267,0.4209949785178857,loading
fast,2.92,2.411582033235792,0.12806620169733723,11,1.333857218315229,0.8888802819663678,0.4206019116428372,loading
fast,2.94,2.4285879164583246,0.127971264276541,11,1.3422652225057057,0.8881795830595289,0.4202192200528643,loading
fast,2.96,2.4455804796021905,0.12787542711443806,11,1.3506656669155386,0.8874795148608873,0.41984524618587926,loading
fast,2.98,2.4625597206470893,0.127778850610403,11,1.3590587109339545,0.886780063972506,0.41947860402613557,loading
fast,3.0,2.4795256396247893,0.12768166886984342,11,1.3674444886822381,0.8860812191210364,0.41911813467532255,loading
fast,3.02,2.4964782382815045,0.12758399401284531,11,1.3758231131536025,0.8853829708096248,0.41876286909969807,loading
fast,3.04,2.5134175197956115,0.12748591977680904,11,1.3841946796746085,0.8846853110268666,0.41841199700787257,loading
fast,3.06,2.5303434885416074,0.12738752452871185,11,1.3925592687995163,0.8839882330034472,0.4180648408822485,loading
fast,3.08,2.5472561498927604,0.12728887378379333,11,1.400916948730178,0.8832917310086642,0.41772083414803873,loading
fast,3.1,2.5641555100560947,0.12719002231150026,11,1.4092677773395437,0.8825958001802943,0.41737950307441096,loading
fast,3.12,2.5810415759344174,0.12709101589634964,11,1.4176118038635548,0.8819004363823307,0.41704045152357594,loading
fast,3.14,2.59791435501095,0.12699189281024295,11,1.4259490703157227,0.8812056360860411,0.41670334821564126,loading
fast,3.16,2.6147738552528796,0.1268926850435378,11,1.4342796126699828,0.8805113962705129,0.41636791613797186,loading
fast,3.18,2.6245755304508194,0.11807372555807795,10,1.4303614907834903,0.8808435764878626,0.4844086378414936,loading
fast,3.2,2.6412277727408853,0.11930980054287445,10,1.4399236869133194,0.8800457535033815,0.47272895389793845,loading
fast,3.22,2.657885623166221,0.12032936282461522,10,1.4492721744077244,0.8792658930901083,0.4628914890236757,loading
fast,3.24,2.674546048566196,0.12116754801130963,10,1.4584405722944052,0.8785011687618353,0.45459743642783934,loading
fast,3.2600000000000002,2.6912065094903355,0.12185379194260898,10,1.4674570466877803,0.8777492124812095,0.44759646229408645,loading
fast,3.2800000000000002,2.7078648801065004,0.12241275531599559,10,1.476345195369245,0.8770080402894205,0.44167884229118215,loading
fast,3.3000000000000003,2.7245193811017145,0.12286509831853511,10,1.4851247888693995,0.8762759900003787,0.43666887394433473,loading
fast,3.3200000000000003,2.7411685234679197,0.12322812959653673,10,1.4938123913304966,0.8755516690022472,0.43241935746296534,loading
fast,3.34,2.757811061406917,0.12351634994824319,10,1.5024218806517,0.874833910526697,0.4288069720637111,loading
fast,3.36,2.7744459528751406,0.12374190781776416,10,1.5109648842553356,0.87412173701224,0.4257284022157748,loading
fast,3.38,2.7910723265289334,0.12391498089799928,10,1.519451144162466,0.8734143294108276,0.4230970923972954,loading
fast,3.4,2.807708949000432,0.1240724788974626,11,1.5279269533976847,0.8727083447050773,0.4270898586118399,loading
fast,3.42,2.824381774890666,0.12424877349511633,11,1.536439660940451,0.8719987271555109,0.42438680658118955,loading
fast,3.44,2.841044985372477,0.12438002492808575,11,1.5449025176143234,0.8712932963394103,0.4220736872468933,loading
fast,3.46,2.857698011436046,0.12447362689619358,11,1.5533226326142135,0.8705914545026703,0.42008664625736714,loading
fast,3.48,2.8743403790014774,0.12453576152460195,11,1.5617059510253446,0.8698927017722784,0.4183722926853761,loading
fast,3.5,2.890971693361836,0.12457159789785817,11,1.5700574445787812,0.8691966201171368,0.41688598442357616,loading
fast,3.52,2.9075916261754085,0.12458545806124917,11,1.5783812711489564,0.8685028599371378,0.41559039460992153,loading
fast,3.54,2.924199904589468,0.12458095582044282,11,1.586680908115179,0.8678111288498092,0.4144543128892231,loading
fast,3.56,2.940796302146282,0.12456111279680013,11,1.5949592638699452,0.8671211823144332,0.4134516431442137,loading
fast,3.58,2.957380631179289,0.12452845546534495,11,1.603218771054988,0.8664328157925375,0.41256056543836905,loading
fast,3.6,2.973952736455278,0.12448509629165438,11,1.6114614645192886,0.8657458581930042,0.4117628353386138,loading
fast,3.62,2.990512489858393,0.1244328015733038,11,1.6196890465025002,0.8650601663912905,0.41104319798623834,loading
fast,3.64,3.0070597859452413,0.12437304816450993,11,1.627902941137132,0.864375620646755,0.4103888981918935,loading
fast,3.66,2.994849143488576,0.08225186811454013,10,1.5796764398588286,0.8684239191263202,0.7634693746716437,loading
fast,3.68,3.010740362117483,0.08894861130039984,10,1.5943187923591378,0.8671988814900622,0.7053702398844841,loading
fast,3.7,3.026714123037241,0.09454327770607569,10,1.6079003392246993,0.8660630254370169,0.6566444689011242,loading
fast,3.72,3.0427549491883035,0.09921466044557174,10,1.6205921350397268,0.8650019697082723,0.6157715389942808,loading
fast,3.74,3.0588498758632454,0.10311254849797988,10,1.6325374864295998,0.864003665929974,0.5814775892876156,loading
fast,3.7600000000000002,3.0749880431474246,0.10636243180794351,10,1.6438564533816562,0.8630580201687569,0.5526954067391898,loading
fast,3.7800000000000002,3.091160354474603,0.10906944311666086,10,1.6546496203539656,0.8621565758791194,0.5285309033986607,loading
fast,3.8000000000000003,3.1073591905722626,0.11132166034230578,10,1.665001255628431,0.8612922482836094,0.5082350317442419,loading
fast,3.8200000000000003,3.1235781698112106,0.1131928732426368,10,1.6749819581482388,0.8604591018423177,0.49118025605032756,loading
fast,3.84,3.1398119474316797,0.11474490126487433,10,1.6846508749807199,0.859652163821643,0.47684084043542185,loading
fast,3.86,3.1560560473393107,0.11602953538998245,10,1.6940575590596407,0.85886726810626,0.46477633476094127,loading
fast,3.88,3.172306721187489,0.11709016496765487,10,1.7032435255614042,0.8581009243481719,0.45461773946708917,loading
fast,3.9,3.1885608303195756,0.11796314064333208,10,1.7122435558031257,0.857350208342628,0.44605591466195804,loading
fast,3.92,3.2048157468626837,0.11867891618888345,10,1.7210867896202342,0.856612670187451,0.43883186964643883,loading
fast,3.94,3.221069270866188,0.11926300510353714,10,1.7297976405366304,0.855886257340914,0.4327286275973563,loading
fast,3.96,3.2373195608821597,0.11973678203337629,10,1.7383965624744606,0.855169250161297,0.4275644100242282,loading
fast,3.98,3.2535650758071863,0.12011815418320693,10,1.7469006920868035,0.8544602079033344,0.4231869268167543,loading
fast,4.0,3.2698045261586905,0.1204221238108182,10,1.7553243868901562,0.8537579234752032,0.4194685925940078,loading
fast,4.0200000000000005,3.2860368332552916,0.12066125947247143,10,1.763679676100114,0.8530613855349123,0.41630251906177307,loading
fast,4.04,3.302261095019009,0.12084609082214265,10,1.771976638331656,0.8523697467354878,0.41359915750938114,loading
fast,4.0600000000000005,3.318476557325093,0.12098543936575425,10,1.7802237180283047,0.8516822971214666,0.4112834859042458,loading
fast,4.08,3.3346825899995167,0.12108669555987618,10,1.7884279905596383,0.8509984418410665,0.4092926524368323,loading
fast,4.1,3.3508786667102193,0.12115605095902042,10,1.7965953843141347,0.8503176824739183,0.4075740011533213,loading
fast,4.12,3.367064348120417,0.12119869270358877,10,1.8047308667638018,0.8496396013878512,0.4060834180159567,loading
fast,4.14,3.383239267774819,0.12121896645766092,10,1.8128386003450703,0.8489638486333455,0.4047839452159252,loading
fast,4.16,3.3994031202753856,0.12122051291472433,10,1.8209220730524245,0.8482901309639901,0.40364462030595405,loading
fast,4.18,3.415555651375282,0.12120638215923467,10,1.8289842078468799,0.8476182026380533,0.40263950352015243,loading
fast,4.2,3.4316966496797523,0.12117912947621803,10,1.8370274543160896,0.8469478577122499,0.4017468630879151,loading
fast,4.22,3.4478259396933364,0.12114089561849098,10,1.845053865465165,0.8462789235856202,0.4009484926070783,loading
fast,4.24,3.463943375994962,0.12109347405280238,10,1.8530651620502847,0.845611255590731,0.40022913905657376,loading
fast,4.26,3.4800488383579626,0.12103836729717189,10,1.8610627864761553,0.8449447324623038,0.39957602380136237,loading
fast,4.28,3.496142227661741,0.12097683411910272,10,1.8690479479499822,0.844279252540929,0.3989784411295716,loading
fast,4.3,3.5122234624666593,0.1209099290772195,10,1.8770216603105472,0.8436147305926189,0.39842742197437886,loading
fast,4.32,3.528292476144527,0.12083853564837807,10,1.8849847737206353,0.8429510951443031,0.3979154522726347,loading
fast,4.34,3.532860011057947,0.10553680184340859,9,1.8719668073723739,0.8440459488454808,0.5181935181433062,loading
fast,4.36,3.5486045068276066,0.10781179238183143,9,1.8821140457956336,0.8431986719045838,0.4981086506381516,loading
fast,4.38,3.564373222698933,0.10970718042848428,9,1.8918937917779508,0.842382283499276,0.48119376926258894,loading
fast,4.4,3.580160288585482,0.11128381891872115,9,1.9013639632114603,0.8415919148022959,0.4669408390105545,loading
fast,4.42,3.5959607767875674,0.11259280750095214,9,1.9105731958947345,0.8408234772796673,0.4549232507420342,loading
fast,4.44,3.6117705509488722,0.11367705575651307,9,1.9195623312309609,0.8400735376283075,0.4447827706504093,loading
fast,4.46,3.627586139221714,0.11457259587257113,9,1.9283656654834287,0.8393392127581434,0.4362185811488395,loading
fast,4.48,3.6434046277609173,0.11530968492480055,9,1.9370119988052643,0.8386180816061146,0.42897807863928605,loading
fast,4.5,3.6592235712880807,0.11591373049039241,9,1.9455255161344276,0.8379081110842769,0.4228491457500816,loading
fast,4.5200000000000005,3.6750409179902626,0.11640606790727265,9,1.953926526902404,0.8372075938966752,0.4176536625064564,loading
fast,4.54,3.690854946455609,0.11680461295718854,9,1.9622320861849967,0.8365150963226904,0.4132420572813267,loading
fast,4.5600000000000005,3.706664212716735,0.11712440993923438,9,1.9704565162976033,0.835829414369463,0.4094887311594242,loading
fast,4.58,3.7224675057817667,0.11737809190020217,9,1.9786118447910868,0.8351495369520566,0.4062882157667147,loading
fast,4.6000000000000005,3.7382638102926933,0.11757626710096654,9,1.9867081722473183,0.8344746149749518,0.40355194673935557,loading
fast,4.62,3.754052275168723,0.11772784354150671,9,1.9947539811258692,0.8338039353690465,0.40120555442690886,loading
fast,4.64,3.7698321872753517,0.1178403014722936,9,2.0027563951099743,0.8331368992899099,0.3991865888921531,loading
fast,4.66,3.7856029493136507,0.11791992222856426,9,2.0107213968853923,0.8324730038103303,0.39744260935536957,loading
fast,4.68,3.786503647642082,0.09884526410545369,8,1.992097087926497,0.8340372711580906,0.5443418235842046,loading
fast,4.7,3.8018479567677854,0.10178955130247097,8,2.002713529686369,0.8331504778614989,0.5192640243549818,loading
fast,4.72,3.817232364617997,0.10425444231453243,8,2.0128706246235395,0.8323022895888775,0.4980996900698642,loading
fast,4.74,3.798183818063208,0.05688461738562792,7,1.955976526417238,0.8370737593042339,0.8616380680446234,loading
fast,4.76,3.812563273107534,0.06612648506528582,7,1.9724081216190505,0.8356982657573527,0.7873107072837726,loading
fast,4.78,3.827121494477236,0.07393681468095556,8,1.987497561919573,0.834437294878401,0.7451004603851175,binding
fast,4.8,3.8420590293826926,0.0808494458124795,9,2.001878960503835,0.8332353625447493,0.7033110408261045,loading
fast,4.82,3.8572095829401682,0.08679341975375496,9,2.0153982112238302,0.8321045333834045,0.6526118246847901,loading
fast,4.84,3.872441341125917,0.09176996505468664,9,2.0279906356176385,0.8310516128721511,0.6099900834524163,loading
fast,4.86,3.8877393304083316,0.09593414902243888,9,2.039803814226604,0.8300641947501022,0.5741512278301109,loading
fast,4.88,3.9030909786849737,0.0994161853549367,9,2.0509616746974233,0.8291318611219127,0.5440081603760305,loading
fast,4.9,3.918485730389417,0.10232541758317372,9,2.0615682827778836,0.8282458637701307,0.518648019451895,loading
fast,4.92,3.933914723287307,0.10475366406246821,9,2.0717110257061297,0.827398856545607,0.4973042534133221,loading
fast,4.94,3.9493705170743283,0.10677802684120229,9,2.081463285378364,0.8265846706493496,0.47933317055948166,loading
fast,4.96,3.9648468654734472,0.1084632503347191,9,2.0908866830714405,0.825798125931351,0.4641942476530936,loading
fast,4.98,3.9803385248595653,0.10986370195992587,9,2.100032964389717,0.8250348724337276,0.45143359444921316,loading
fast,5.0,3.995841093557079,0.11102503532127647,9,2.1089455820998286,0.8242912573307153,0.4406700684116416,loading
fast,5.0200000000000005,4.0113508768942125,0.11198558682760393,9,2.1176610252747086,0.8235642131950368,0.4315836151498331,loading
fast,5.04,4.0268647738859435,0.11277754846450899,9,2.126209935407476,0.8228511641724817,0.42390547725634775,loading
fast,5.0600000000000005,4.042380182078945,0.1134279525992354,9,2.1346180436387137,0.8221499471945094,0.41740997282602166,loading
fast,5.08,4.057894917647651,0.11395949894475825,9,2.142906957768594,0.8214587458185562,0.4119075912676351,loading
fast,5.1000000000000005,4.073407148296987,0.11439124898118647,9,2.1510948231296743,0.8207760346721943,0.40723919600527125,loading
fast,5.12,4.0889153369192055,0.11473920907793374,9,2.159196877537539,0.8201005328015655,0.4032711563244362,loading
fast,5.14,4.1044181942812195,0.1150168201553167,9,2.1672259172959336,0.8194311644969391,0.3998912592022563,loading
fast,5.16,4.119914639295001,0.11523536886499604,9,2.1751926885125012,0.8187670263970194,0.39700527673325325,loading
fast,5.18,4.135403765655692,0.11540433286800315,9,2.1831062156958465,0.8181073598656331,0.39453408344325425,loading
fast,5.2,4.150884813826849,0.1155316707729085,9,2.1909740776863487,0.8174515277957871,0.3924112357935883,loading
fast,5.22,4.166357147515791,0.11562406560380886,9,2.1988026393616966,0.8167989951314812,0.39058093947108574,loading
fast,5.24,4.181820233919353,0.11568712924615791,9,2.206597246205842,0.816149312511406,0.388996342713277,loading
fast,5.26,4.197298860645834,0.11576213132811289,10,2.2144115616510316,0.8154985787655161,0.39450683722463964,loading
fast,5.28,4.212815097649727,0.11587243601344446,10,2.2222799848383055,0.8148427085182028,0.3924870567395544,loading
fast,5.3,4.228321989353567,0.11595002961090799,10,2.2301110242876963,0.8141899768353439,0.3907463118224541,loading
fast,5.32,4.243819084655247,0.11600023019219784,10,2.2379097725198225,0.8135399555712617,0.3892393749627132,loading
fast,5.34,4.259306007174253,0.11602749311318622,10,2.2456804967003094,0.8128922859712682,0.3879283555274782,loading
fast,5.36,4.274782443129,0.11603555096517545,10,2.253426772529684,0.8122466674149887,0.38678150954929436,loading
fast,5.38,4.2902481311807215,0.11602753082301191,10,2.261151596413372,0.8116028479857657,0.3857722425593124,loading
fast,5.4,4.305702853924878,0.11600605247300089,10,2.268857479435452,0.8109606165699025,0.38487827428212995,loading
fast,5.42,4.3211464307628855,0.1159733107061484,10,2.2765465260875892,0.8103197962375939,0.3840809387156696,loading
fast,5.44,4.336578711930166,0.11593114426160543,10,2.2842205002266844,0.8096802386976055,0.3833645979511857,loading
fast,5.46,4.351999573493011,0.1158810935860465,10,2.291880880332547,0.8090418196515179,0.3827161507619081,loading
fast,5.48,4.367408913157043,0.11582444922317955,10,2.2995289058017008,0.8084044349016293,0.382124621252089,loading
fast,5.5,4.382806646755629,0.11576229235342943,10,2.307165615731247,0.8077679970902291,0.38158081399508603,loading
fast,5.5200000000000005,4.3981927053079914,0.11569552875724333,10,2.3147918814112387,0.8071324329678329,0.38107702523326736,loading
fast,5.54,4.413567032554514,0.11562491726875715,10,2.322408433546018,0.8064976811045766,0.3806068009382102,loading
fast,5.5600000000000005,4.428929582891888,0.1155510936136984,10,2.3300158850596517,0.8058636899728605,0.38016473397739503,loading
fast,5.58,4.444280319643237,0.1154745903802417,10,2.337614750201867,0.8052304163410408,0.3797462943566643,loading
fast,5.6000000000000005,4.459619213608857,0.11539585375017523,10,2.345205460554599,0.8045978239276961,0.3793476869518031,loading
fast,5.62,4.4749462418520505,0.11531525751589607,10,2.352788378441929,0.803965882274193,0.37896573224394103,loading
fast,5.64,4.49026138668194,0.11523311482354125,10,2.3603638081645215,0.8033345658001602,0.3785977664438889,loading
fast,5.66,4.50556463480129,0.11514968801115072,10,2.3679320054117934,0.8027038530121731,0.37824155787014035,loading
fast,5.68,4.520855976592548,0.11506519685082636,10,2.375493185147098,0.8020737258408145,0.3778952368715949,loading
fast,5.7,4.5361354055197545,0.11497982545389228,10,2.3830475282137673,0.8014441690852719,0.3775572370301461,loading
fast,5.72,4.551402917627424,0.11489372805582312,10,2.390595186869545,0.8008151699480387,0.3772262460088882,loading
fast,5.74,4.56665851112076,0.11480703386278387,10,2.3981362894231726,0.8001867176450973,0.37690116434063725,loading
fast,5.76,4.581902186013943,0.1147198511119226,10,2.4056709441188904,0.799558803079333,0.37658107088667236,loading
fast,5.78,4.597133943835482,0.11463227047300259,10,2.41319924239075,0.79893141856693,0.3762651939087647,loading
fast,5.8,4.61235378738138,0.11454436789824088,10,2.4207212615889304,0.7983045576081561,0.37595288680414285,loading
fast,5.82,4.6275617205083215,0.11445620700979992,10,2.428237067263966,0.7976782146953277,0.3756436078994341,loading
fast,5.84,4.642757747960424,0.11436784110001415,10,2.435746715080219,0.7970523851519212,0.3753369032732934,loading
fast,5.86,4.657941875224077,0.11427931480709852,10,2.4432502524191477,0.7964270649977965,0.3750323927054211,loading
fast,5.88,4.673114108406368,0.11419066551906996,10,2.4507477197222514,0.7958022508362729,0.374729757526282,loading
fast,5.9,4.688274454133179,0.11410192454986184,10,2.4582391516164535,0.7951779397595313,0.3744287308293792,loading
fast,5.92,4.703422919463868,0.1140131181247084,10,2.465724577856646,0.794554129269356,0.37412908891809593,loading
fast,5.94,4.718559511819745,0.11392426820562976,10,2.4732040241155016,0.7939308172107382,0.37383064436014024,loading
fast,5.96,4.733684238924187,0.11383539318303111,10,2.480677512645123,0.7933080017162495,0.37353324011668576,loading
fast,5.98,4.74879710875245,0.11374650845510276,10,2.488145062831336,0.7926856811594383,0.37323674459521783,loading
fast,6.0,4.763898129489631,0.1136576269132337,10,2.4956066916580575,0.7920638541157871,0.3729410475017403,loading
fast,6.0200000000000005,4.778987309495449,0.11356875934867659,10,2.503062414096405,0.7914425193300006,0.3726460564124068,loading
fast,6.04,4.794064657274728,0.11347991479322891,10,2.510512243430588,0.7908216756886075,0.3723516938780591,loading
fast,6.0600000000000005,4.809130181452694,0.1133911008046748,10,2.517956191531013,0.7902013221969981,0.37205789499061837,loading
fast,6.08,4.824183890754258,0.11330232370590158,10,2.5253942690830264,0.7895814579601899,0.3717646053047474,loading
fast,6.1000000000000005,4.8392257939866745,0.11321358878524565,10,2.532826485778582,0.7889620821667207,0.371471779230248,loading
fast,6.12,4.854255900025002,0.1131249004643113,10,2.540252850476806,0.7883431940751408,0.37117937849551197,loading
fast,6.140000000000001,4.869274217799939,0.11303626243858846,10,2.5476733713385578,0.7877247930027074,0.3708873710461802,loading
fast,6.16,4.88428075628762,0.11294767779525575,10,2.5550880559390663,0.7871068783159086,0.37059572997044654,loading
fast,6.18,4.899312800485195,0.11291158784357129,11,2.5625679880861743,0.7864839647060845,0.37556455918874576,loading
fast,6.2,4.914353944045686,0.11289266952641257,11,2.5700696415492574,0.7858587518649109,0.3746639281887454,loading
fast,6.22,4.9293841380769585,0.1128622909842965,11,2.5775543600227833,0.7852349585904702,0.37386310842624226,loading
fast,6.24,4.944403243860489,0.11282234161069497,11,2.5850239635409435,0.7846124318534199,0.37314578198266446,loading
fast,6.26,4.9594111469314885,0.1127744011856084,11,2.592479974651371,0.7839910436377949,0.3724983049098185,loading
fast,6.28,4.974407753103373,0.11271979061021137,11,2.5999236671618897,0.7833706868422501,0.3719092688907466,loading
fast,6.3,4.989392985143676,0.1126596143278845,11,2.607356106899723,0.7827512718529489,0.3713691351103776,loading
fast,6.32,5.004366779994699,0.11259479579399691,11,2.6147781857913523,0.7821327236780317,0.3708699277327199,loading
fast,6.34,5.019329086449556,0.11252610713338324,11,2.6221906503581556,0.7815149795516404,0.370404977839911,loading
fast,6.36,5.034279863209051,0.11245419393806265,11,2.6295941255425914,0.780897986930561,0.36996870932348713,loading
fast,6.38,5.049219077256977,0.11237959600147253,11,2.636989134629964,0.7802817018191474,0.36955645973257845,loading
fast,6.4,5.0641467025016205,0.11230276465510605,11,2.644376115905925,0.7796660873687243,0.36916433061762177,loading
fast,6.42,5.0790627186399,0.11222407726428414,11,2.6517554365842315,0.7790511127065073,0.3687890623185197,loading
fast,6.44,5.093967110207615,0.11214384934859291,11,2.659127404452402,0.7784367519564056,0.36842792926972123,loading
fast,6.46,5.108859865785348,0.1120623447162098,11,2.6664922776088735,0.7778229834203046,0.36807865252974636,loading
fast,6.48,5.123740977334457,0.11197978393756067,11,2.6738502726047892,0.7772097888934789,0.36773932653577646,loading
fast,6.5,5.138610439641916,0.11189635143047573,11,2.681201571251435,0.7765971530922107,0.3674083579632281,loading
fast,6.5200000000000005,5.1534682498561,0.1118122013843103,11,2.6885463263123768,0.775985063175182,0.36708441456045904,loading
fast,6.54,5.168314407098659,0.11172746271333796,11,2.695884666262671,0.775373508343303,0.3667663823074818,loading
fast,6.5600000000000005,5.183148912139959,0.1116422431984181,11,2.703216699268408,0.7747624795051148,0.3664533297849104,loading
fast,6.58,5.197971767127756,0.11155663295004654,11,2.7105425165139376,0.7741519689970121,0.3661444780824752,loading
fast,6.6000000000000005,5.212782975360289,0.11147070730389547,11,2.7178621949840354,0.7735419703493241,0.36583917592469817,loading
fast,6.62,5.227582541096581,0.11138452924188447,11,2.7251757997901773,0.7729324780907171,0.3655368787827129,loading
fast,6.640000000000001,5.242370469397816,0.1112981514165391,11,2.732483386115457,0.7723234875846502,0.3652371312590219,loading
fast,6.66,5.2571467659947135,0.11121161784360843,11,2.7397850008409623,0.7717149948926347,0.36493955257910216,loading
fast,6.68,5.27191143717663,0.111124965317341,11,2.747080683905655,0.7711069966598896,0.364643824330102,loading
fast,6.7,5.286664489698845,0.11103822459383489,11,2.7543704694432645,0.7704994900197497,0.36434968026100023,loading
fast,6.72,5.30140593070503,0.11095142138048528,11,2.7616543867330003,0.7698924725137237,0.3640568976850389,loading
fast,6.74,5.3161357676624235,0.1108645771632857,11,2.768932460994507,0.7692859420246599,0.3637652904258104,loading
fast,6.76,5.330854008307643,0.1107777098985897,11,2.7762047140524055,0.7686798967208605,0.3634747027305707,loading
fast,6.78,5.345560660601352,0.11069083459148087,11,2.783471164892166,0.7680743350093507,0.36318500437548806,loading
fast,6.8,5.360255732690392,0.11060396377940758,11,2.790731830124601,0.7674692554968195,0.3628960864352493,loading
fast,6.82,5.3749392328760806,0.11051710793652915,11,2.7979867243745726,0.7668646569569376,0.3626078578244929,loading
fast,6.84,5.389611169587736,0.11043027581183704,11,2.8052358606056975,0.7662605383030525,0.3623202423277405,loading
fast,6.86,5.404271551360525,0.1103434747118422,11,2.8124792503921183,0.7656568985653422,0.36203317622529596,loading
fast,6.88,5.41892038681695,0.11025671073696662,11,2.8197169041454497,0.7650537368717245,0.36174660614385346,loading
fast,6.9,5.433557684651369,0.11016998897918186,11,2.826948831304853,0.764451052431885,0.3614604874737637,loading
fast,6.92,5.448183453617041,0.11008331368725109,11,2.8341750404957793,0.7638488445239279,0.3611747829133094,loading
fast,6.94,5.462797702515321,0.10999668840493668,11,2.8413955396626047,0.7632471124832153,0.36088946118884024,loading
fast,6.96,5.477400440186603,0.10991011608650572,11,2.8486103361798145,0.7626458556930277,0.3606044961461663,loading
fast,6.98,5.491991675502749,0.10982359919333907,11,2.855819436944719,0.7620450735767651,0.3603198659005713,loading
fast,7.0,5.506571417360776,0.10973713977470988,11,2.8630228484551052,0.7614447655914149,0.36003555208452553,loading
fast,7.0200000000000005,5.521139674677572,0.1096507395353321,11,2.87022057687412,0.7608449312221033,0.3597515393591877,loading
fast,7.04,5.5356964563854625,0.10956439989179899,11,2.8774126280845405,0.7602455699775265,0.359467814857517,loading
fast,7.0600000000000005,5.55024177142853,0.10947812201982925,11,2.8845990077340993,0.7596466813861388,0.35918436776416485,loading
fast,7.08,5.56477562875952,0.1093919068937354,11,2.8917797212734975,0.7590482649929629,0.3589011890516858,loading
fast,7.1000000000000005,5.57929803733726,0.10930575531942534,11,2.89895477398806,0.7584503203569207,0.3586182711092789,loading
fast,7.12,5.593809006124504,0.10921966796202331,11,2.9061241710242616,0.7578528470486039,0.35833560750830884,loading
fast,7.140000000000001,5.608308544086123,0.10913364536892377,11,2.9132879174119815,0.7572558446484143,0.35805319295345583,loading
fast,7.16,5.6227966601876105,0.10904768798911099,11,2.920446018082931,0.7566593127450016,0.3577710229505371,loading
fast,7.18,5.63727336339382,0.10896179618928488,11,2.927598477886196,0.7560632509339497,0.35748909359156755,loading
fast,7.2,5.651738662667903,0.10887597026733885,11,2.934745301601292,0.7554676588167041,0.35720740174038923,loading
fast,7.22,5.6661925669704445,0.10879021046366215,11,2.941886493948898,0.7548725359996502,0.35692594470049244,loading
fast,7.24,5.6806350852587215,0.10870451697055752,11,2.949022059599926,0.7542778820933485,0.3566447201075462,loading
fast,7.26,5.6950662264860945,0.10861888994012511,11,2.956152003183189,0.7536836967119088,0.3563637260954877,loading
fast,7.28,5.70948599960149,0.10853332949086389,11,2.9632763292916344,0.7530899794724442,0.35608296096434344,loading
fast,7.3,5.723894413548987,0.10844783571318643,11,2.9703950424876977,0.7524967299946317,0.3558024232779289,loading
fast,7.32,5.738291477267445,0.10836240867401874,11,2.9775081473077485,0.7519039479003421,0.35552211185407856,loading
fast,7.34,5.752677199690222,0.10827704842066609,11,2.9846156482657635,0.7513116328133213,0.3552420256180966,loading
fast,7.36,5.767051589744913,0.10819175498402023,11,2.9917175498564728,0.7507197843589397,0.3549621637493061,loading
fast,7.38,5.78141465635316,0.10810652838127527,11,2.99881385655787,0.7501284021639615,0.35468252540749035,loading
fast,7.4,5.795801169607991,0.10806979557174859,12,3.0059703803757465,0.749532351202544,0.3585948062756472,loading
fast,7.42,5.810188572100856,0.10803977635905253,12,3.013134062409474,0.7489353136720276,0.35782647380599997,loading
fast,7.44,5.8245652547158855,0.10800062234960355,12,3.020283249707539,0.7483394907642913,0.35713887903554564,loading
fast,7.46,5.838931117823318,0.10795385439508239,12,3.0274194133067596,0.7477447587840216,0.3565187150194049,loading
fast,7.48,5.853286079738567,0.10790074198718569,12,3.0345437818564776,0.7471510144181253,0.35595487398154546,loading
fast,7.5,5.867630073755247,0.10784234479988863,12,3.041657381677524,0.7465581713672009,0.35543808393612153,loading
fast,7.5200000000000005,5.88196304566857,0.10777954736603679,12,3.048761070200314,0.7459661575337411,0.354960605207566,loading
fast,7.54,5.896284951708022,0.10771308802292534,12,3.05585556387695,0.7453749126750318,0.35451597733171525,loading
fast,7.5600000000000005,5.910595756811741,0.10764358307405769,12,3.0629414614799195,0.7447843864439554,0.3540988073851281,loading
fast,7.58,5.924895433186059,0.10757154695766326,12,3.070019263550698,0.7441945367535949,0.353704593837989,loading
fast,7.6000000000000005,5.939183959103131,0.10749740908199854,12,3.077089388633567,0.7436053284121213,0.35332957902411977,loading
fast,7.62,5.953461317897267,0.10742152787824331,12,3.084152186826877,0.7430167319832812,0.35297062625261333,loading
fast,7.640000000000001,5.967727497127147,0.10734420253089552,12,3.091207951094468,0.7424287228352349,0.35262511728717527,loading
fast,7.66,5.981982487876497,0.1072656827694823,12,3.0982569267077373,0.7418412803465684,0.35229086655874653,loading
fast,7.68,5.996226284170351,0.1071861770419852,12,3.1052993191271554,0.7412543872435384,0.35196604961740263,loading
fast,7.7,6.010458882487772,0.10710585933745286,12,3.112335300581332,0.7406680290468552,0.3516491435959779,loading
fast,7.72,6.0246802813551135,0.10702487488103302,12,3.119365015558593,0.7400821936098867,0.351338877234042,loading
fast,7.74,6.038890481006513,0.10694334488779317,12,3.126388585391055,0.7394968707331897,0.35103418933246644,loading
fast,7.76,6.053089483100489,0.10686137053087356,12,3.1334061120810937,0.7389120518427454,0.35073419403985895,loading
fast,7.78,6.067277290483364,0.10677903625381265,12,3.140417681495478,0.7383277297213751,0.35043815197965955,loading
fast,7.8,6.08145390699182,0.10669641253547521,12,3.1474233660313793,0.7377438982845377,0.3501454458323394,loading
fast,7.82,6.095619337288049,0.10661355819798683,12,3.154423226842013,0.7371605523931903,0.3498555602980957,loading
fast,7.84,6.109773586722179,0.10653052233325527,12,3.161417315694333,0.7365776876975769,0.3495680652569888,loading
fast,7.86,6.123916661217418,0.10644734591108543,12,3.1684056765198,0.7359953005068178,0.34928260161493085,loading
fast,7.88,6.138048567174195,0.10636406312153901,12,3.1753883467086226,0.7354133876800788,0.34899886956907267,loading
fast,7.9,6.1521693113901375,0.10628070249541088,12,3.182365358190502,0.7348319465357014,0.3487166189195534,loading
fast,7.92,6.166278900993275,0.1061972878395663,12,3.1893367383362055,0.734250974775372,0.3484356406708855,loading
fast,7.94,6.180377343386279,0.10611383901764483,12,3.1963025107107974,0.7336704704208048,0.3481557604558816,loading
fast,7.96,6.194464646199936,0.10603037260178924,12,3.2032626957017456,0.7330904317609044,0.34787683259907,loading
fast,7.98,6.208540817254281,0.10594690241661235,12,3.2102173110437597,0.7325108573076513,0.3475987355763266,loading
fast,8.0,6.222605864526205,0.10586343999332017,12,3.2171663722564254,0.7319317457592824,0.34732136781556733,loading
fast,8.02,6.23665979612235,0.10577999494872352,12,3.224109893009885,0.7313530959695556,0.34704464455259654,loading
fast,8.040000000000001,6.25070262025654,0.10569657530164486,12,3.2310478854299163,0.7307749069220935,0.346768495038674,loading
fast,8.06,6.264734345230927,0.10561318773702917,12,3.237980360352502,0.73019717770897,0.3464928601424333,loading
fast,8.08,6.278754979420235,0.10552983782639755,12,3.2449073275365024,0.7296199075128273,0.34621769043141626,loading
fast,8.1,6.2927645312586336,0.10544653021186257,12,3.2518287958411776,0.7290430955919638,0.3459429447438822,loading
fast,8.120000000000001,6.306763009228767,0.10536326875975305,12,3.258744773374165,0.7284667412678696,0.3456685886007449,loading
fast,8.14,6.320750421852617,0.10528005668882741,12,3.2656552676151342,0.7278908439148346,0.34539459315041654,loading
fast,8.16,6.334726777683839,0.10519689667729926,12,3.2725602855192264,0.7273154029512645,0.34512093440142166,loading
fast,8.18,6.348692085301405,0.10511379095218412,12,3.2794598336029033,0.726740417832443,0.34484759222053185,loading
fast,8.2,6.362646353304278,0.10503074136388435,12,3.286353918016019,0.7261658880444826,0.34457454981051683,loading
fast,8.22,6.3765895903069705,0.10494774944841627,12,3.2932425446019096,0.7255918130992651,0.3443017930919723,loading
fast,8.24,6.39052180493584,0.10486481647940392,12,3.300125718947328,0.7250181925302448,0.3440293102663361,loading
fast,8.26,6.4044430058259945,0.10478194351143137,12,3.3070034464244245,0.7244450258889261,0.34375709153877665,loading
fast,8.28,6.418353201618714,0.10469913141625571,12,3.313875732225622,0.7238723127419198,0.3434851286598928,loading
fast,8.3,6.432252400959303,0.1046163809130342,12,3.320742581392679,0.7233000526684956,0.34321341462728583,loading
fast,8.32,6.446140612495277,0.10453369259353996,12,3.3276039988411945,0.722728245258548,0.34294194377082476,loading
fast,8.34,6.4600178448748835,0.10445106694323918,12,3.334459989380676,0.7221568901108679,0.34267071109184144,loading
fast,8.36,6.473884106745842,0.10436850435884544,12,3.3413105577317523,0.721585986831734,0.34239971256155854,loading
fast,8.38,6.487739406754297,0.10428600516300937,12,3.3481557085401477,0.7210155350337166,0.34212894474805466,loading
fast,8.4,6.501583753543962,0.10420356961656388,12,3.3549954463885427,0.7204455343346832,0.3418584047416573,loading
fast,8.42,6.515417155755383,0.10412119792874548,12,3.361829775806445,0.7198759843569686,0.3415880900696777,loading
fast,8.44,6.5292396220253455,0.10403889026573304,12,3.3686587012784273,0.719306884726689,0.341317998696411,loading
fast,8.46,6.543051160986359,0.10395664675776016,12,3.3754822272509486,0.7187382350731533,0.34104812878865687,loading
fast,8.48,6.556851781266245,0.10387446750506941,12,3.3823003581381954,0.7181700350283917,0.34077847889690815,loading
fast,8.5,6.570641491487784,0.10379235258287643,12,3.3891130983267708,0.7176022842267511,0.3405090477848205,loading
fast,8.52,6.58442030026843,0.10371030204551332,12,3.3959204521797233,0.7170349823045472,0.3402398342906565,loading
fast,8.540000000000001,6.575725222817095,0.07327431674485813,11,3.361136928153405,0.7199552142426342,0.599499065016218,loading
fast,8.56,6.589066198779232,0.07813056942190982,11,3.3726636688115237,0.718991076651962,0.5565886350682447,loading
fast,8.58,6.602459762237736,0.08217777074704095,11,3.3834076518659115,0.7180927511875235,0.520666116192281,loading
fast,8.6,6.615895532427942,0.08554850594787708,11,3.3934962721618476,0.7172495261925484,0.4905864724289444,loading
fast,8.620000000000001,6.581271158755435,0.02709261049873496,10,3.317728189876453,0.7236045695460245,0.9830244287476475,loading
fast,8.64,6.5938738617133374,0.03931918703773366,10,3.336256117894396,0.7220518312850319,0.8780933147791714,loading
fast,8.66,6.6066387824819035,0.04954930906225971,10,3.352868700303202,0.7206601201019076,0.7901415260924693,loading
fast,8.68,6.619537874867191,0.058106855071210696,10,3.367875792504802,0.7194033851813455,0.7164146809479632,loading
fast,8.700000000000001,6.632547643734675,0.06526316343055112,10,3.3815369852978936,0.718259801660027,0.6546052182176965,loading
fast,8.72,6.645648406727528,0.07124555552368847,10,3.394069758887457,0.717211085085478,0.6027799131924638,loading
fast,8.74,6.6588236757502095,0.0762444762617836,10,3.4056563141368965,0.7162419170846066,0.5593191521757745,loading
fast,8.76,6.672059638788889,0.08041947624827159,10,3.4164492956427184,0.7153394642012709,0.5228660579694733,loading
fast,8.78,6.685344725791811,0.08390422350637816,10,3.4265765864022812,0.7144929747888349,0.4922838683008024,loading
fast,8.8,6.698669244973306,0.08681070219563507,10,3.436145324682296,0.7136934412955058,0.4666202283667431,loading
fast,8.82,6.660755449145711,0.013471945009976017,9,3.3438496695828324,0.7214353158662841,1.0734599782420418,loading
fast,8.84,6.672922870879098,0.027576903980453267,9,3.3640383394200057,0.7197430365821202,0.9547784054495523,loading
fast,8.86,6.685299395306522,0.03940848124066106,9,3.3820581788939155,0.718233074843611,0.8550770172481847,loading
fast,8.88,6.697849823191419,0.0493310556993234,9,3.3982559672950456,0.7168762788732579,0.7713137741394149,loading
fast,8.9,6.710544598212447,0.05765060498705395,9,3.4129229040932936,0.7156481691758136,0.7009342030563914,loading
fast,8.92,6.723358902537383,0.06462406579183963,9,3.4263035170605294,0.7145281896826412,0.6417932522229108,loading
fast,8.94,6.736271897355014,0.07046719395544752,9,3.438603142632946,0.7134990789198075,0.5920896706363976,loading
fast,8.96,6.749266085131724,0.07536116478339176,9,3.449994207349259,0.7125463419629741,0.5503109049485033,loading
fast,8.98,6.7623267740831565,0.07945811548222577,9,3.460621502523793,0.7116578070253532,0.5151868280304228,loading
fast,9.0,6.775441628478326,0.08288579927596265,9,3.4706066135151294,0.7108232531140697,0.4856508839647944,loading
fast,9.02,6.7886002910193,0.08575149357840575,9,3.480051639088061,0.7100340973643533,0.46080746030163766,loading
fast,9.040000000000001,6.8017940657444225,0.08814528177839048,9,3.489042314650601,0.7092831324866156,0.4399044899869864,loading
fast,9.06,6.815015651754614,0.09014280903294884,9,3.4976506349102676,0.7085643062945077,0.42231044435947496,loading
fast,9.08,6.828258919617014,0.09180759637239212,9,3.5059370561809002,0.7078725365694027,0.40749501373227304,loading
fast,9.1,6.8415632636450425,0.09325593761789822,10,3.514037569440415,0.7071970202980897,0.4018130174907597,loading
fast,9.120000000000001,6.854908995603118,0.09449550262651302,10,3.5219500004280615,0.7065366944645306,0.3903340024278279,loading
fast,9.14,6.868262704879918,0.09552114410379409,10,3.529652496543741,0.7058940148718931,0.3806750064585529,loading
fast,9.16,6.881621392877278,0.09636757516277311,10,3.5371782716013938,0.7052661891012217,0.3725408160537569,loading
fast,9.18,6.8949825487718215,0.09706387768791896,10,3.5445551520738254,0.7046508776694826,0.365684107616282,loading
fast,9.200000000000001,6.908344070386239,0.09763441584269449,10,3.551806451035822,0.7040461205535864,0.3598976788588004,loading
fast,9.22,6.921704197896979,0.09809960138633902,10,3.5589517003348297,0.7034502756337735,0.35500794011156245,loading
fast,9.24,6.935061458295976,0.09847653483965335,10,3.5660072639876477,0.702861967122842,0.35086946175066913,loading
fast,9.26,6.948414618861932,0.09877954263979766,10,3.5729868520707555,0.7022800423612647,0.34736040593230655,loading
fast,9.28,6.961762648179505,0.09902062715686882,10,3.579901951246635,0.7017035356210783,0.34437869957582024,loading
fast,9.3,6.975104683482103,0.09920984370808177,10,3.586762185449132,0.701131637781568,0.3418388279472495,loading
fast,9.32,6.988440003292315,0.09935561641199243,10,3.593575618058156,0.7005636709242158,0.33966914874472565,loading
fast,9.34,7.001768004500725,0.09946500280437226,10,3.6003490050547473,0.6999990670488994,0.33780964153962145,loading
fast,9.36,7.0150881831629945,0.09954391552760654,10,3.6070880071091107,0.6994373502427771,0.3362100224366671,loading
fast,9.38,7.028400118412094,0.09959730805726073,10,3.61379736726333,0.6988781217417872,0.3348281647754803,loading
fast,9.4,7.041703458980333,0.09962933029978385,10,3.620481059789954,0.6983210474154693,0.3336287755848488,loading
fast,9.42,7.0549979119077655,0.09964345894885403,10,3.627142414902748,0.6977658472820447,0.33258228728438866,loading
fast,9.44,7.068283233082408,0.09964260669513475,10,3.6337842232363595,0.6972122867243591,0.33166392866768035,loading
fast,9.46,7.081559219314968,0.09962921371981043,10,3.640408823377286,0.6966601691308074,0.33085294697610124,loading
fast,9.48,7.094825701699278,0.09960532434586754,10,3.6470181751954938,0.6961093297300438,0.33013195602027423,loading
fast,9.5,7.108082540049775,0.09957265125492788,10,3.653613921279838,0.695559630425844,0.32948638996721513,loading
fast,9.52,7.121329618241383,0.09953262928667739,10,3.6601974384073657,0.6950109554698647,0.3289040457410408,loading
fast,9.540000000000001,7.134566840305325,0.09948646051085033,10,3.666769880663499,0.6944632078363773,0.3283747000262238,loading
fast,9.56,7.147794127158292,0.09943515198757703,10,3.6733322155667416,0.6939163061850928,0.327889787854474,loading
fast,9.58,7.161011413862255,0.09937954740222049,10,3.6798852543333496,0.6933701823166849,0.3274421335675015,loading
fast,9.6,7.174218647328722,0.09932035356825228,10,3.6864296772326126,0.6928247790410897,0.327025725690433,loading
fast,9.620000000000001,7.187415784395476,0.09925816263091203,10,3.6929660548286707,0.6922800483915925,0.3266355277808941,loading
fast,9.64,7.200602790215285,0.09919347066886207,10,3.699494865776514,0.6917359501286606,0.3262673204407207,loading
fast,9.66,7.213779636906004,0.09912669327827812,10,3.70601651173127,0.6911924504864557,0.32591756873756594,loading
fast,9.68,7.2269463024196305,0.0990581786288548,10,3.712531329838698,0.690649521122707,0.32558331118259787,loading
fast,9.700000000000001,7.240102769594895,0.098988218401883,10,3.7190396031993194,0.6901071382389361,0.3252620665517014,loading
fast,9.72,7.253249025363463,0.09891705695386417,10,3.7255415696355803,0.6895652818433906,0.32495175626756634,loading
fast,9.74,7.266385060084964,0.09884489899364657,10,3.7320374290361285,0.6890239351335581,0.3246506388254744,loading
fast,9.76,7.279510866989863,0.09877191601413264,10,3.7385273495090603,0.6884830839788441,0.3243572551880902,loading
fast,9.78,7.292626441712741,0.09869825168064485,10,3.7450114725370147,0.6879427164871736,0.3240703830975633,loading
fast,9.8,7.305731781901258,0.09862402634515745,10,3.751489917295763,0.6874028226418822,0.323788998350949,loading
fast,9.82,7.318826886888559,0.09854934082822563,10,3.7579627842724888,0.6868633939975481,0.32351224306559345,loading
fast,9.84,7.331911757418833,0.09847427958743082,10,3.764430158296846,0.6863244234251304,0.3232393984120563,loading
fast,9.86,7.344986395417411,0.09839891337181457,10,3.7708921110805376,0.6857859048984665,0.32296986213431467,loading
fast,9.88,7.358050803798108,0.09832330144570176,10,3.7773487033447433,0.6852478333154073,0.322703129631563,loading
fast,9.9,7.371104986301852,0.09824749345176227,10,3.783799986602701,0.6847102043479614,0.3224387782374549,loading
fast,9.92,7.384148947361513,0.09817153097189002,10,3.7902460046526647,0.6841730143167546,0.3221764537197913,loading
fast,9.94,7.397182691988611,0.09809544883481178,10,3.7966867948291254,0.6836362600858488,0.3219158593115168,loading
fast,9.96,7.410206225678447,0.09801927621163946,10,3.803122389050853,0.6830999389746262,0.32165674636708275,loading
fast,9.98,7.423219554330583,0.09794303753360632,10,3.809552814698887,0.6825640486839775,0.32139890661753157,loading
fast,10.0,7.436222684182262,0.09786675326103612,10,3.815978095352153,0.6820285872344427,0.3211421654647495,loading
fast,10.02,7.4492156217526215,0.0977904405275085,10,3.822398251403814,0.6814935529144011,0.3208863766257508,loading
fast,10.040000000000001,7.462198373795932,0.09771411367951671,10,3.8288133005774787,0.6809589442366741,0.32063141756744074,loading
fast,10.06,7.475170947262438,0.09763778472860818,10,3.835223258359817,0.6804247599021425,0.3203771855275761,loading
fast,10.08,7.488133349265574,0.09756146373017692,10,3.841628138362972,0.679890998769296,0.32012359452338046,loading
fast,10.1,7.501085587054469,0.0974851591007964,10,3.848027952628029,0.6793576598286903,0.3198705723121975,loading
fast,10.120000000000001,7.514027667990899,0.0974088778840565,10,3.854422711879507,0.6788247421815872,0.31961805855296177,loading
fast,10.14,7.526959599530038,0.09733262597332873,10,3.860812425738332,0.6782922450220124,0.3193660024809475,loading
fast,10.16,7.539881389204279,0.09725640829835364,10,3.8671971029004846,0.6777601676217648,0.3191143616625425,loading
fast,10.18,7.552793044609704,0.09718022898156019,10,3.8735767512864188,0.6772285093178387,0.3188631004835685,loading
fast,10.200000000000001,7.565694573394737,0.09710409146903907,10,3.8799513781664112,0.6766972695018858,0.31861218904083444,loading
fast,10.22,7.578585983250651,0.09702799864026058,10,3.886320990265589,0.6761664476113975,0.31836160236053956,loading
fast,10.24,7.591467281903601,0.09695195290001034,10,3.892685593851806,0.6756360431222967,0.3181113193679863,loading
fast,10.26,7.60433847710798,0.09687595625540218,10,3.899045194809406,0.6751060555427577,0.31786132249855825,loading
fast,10.28,7.617199576640818,0.09680001038037554,10,3.905399798700798,0.6745764844080133,0.3176115969587556,loading
fast,10.3,7.630050588297095,0.09672411666976058,10,3.911749410818307,0.6740473292759965,0.31736213026434257,loading
fast,10.32,7.642891519885843,0.09664827628455235,10,3.9180940362274734,0.6735185897237175,0.31711291208225134,loading
fast,10.34,7.655722379226852,0.09657249018987256,10,3.9244336798033013,0.6729902653441937,0.316863933626621,loading
fast,10.36,7.668543174147942,0.09649675918673097,10,3.930768346260713,0.6724623557438996,0.31661518750780715,loading
fast,10.38,7.681353912482635,0.09642108393866392,10,3.9370980401799933,0.671934860540631,0.3163666675654042,loading
fast,10.4,7.694154602068242,0.0963454649940293,10,3.9434227660281547,0.6714077793617002,0.3161183685573832,loading
fast,10.42,7.706945250744244,0.0962699028047106,10,3.949742528176838,0.6708811118424389,0.31587028610502443,loading
fast,10.44,7.719725866350949,0.09619439774176272,10,3.9560573309172415,0.6703548576249401,0.31562241652238754,loading
fast,10.46,7.732496456728349,0.09611895010854038,10,3.962367178472708,0.6698290163569949,0.3153747566475573,loading
fast,10.48,7.745257029715177,0.09604356015166571,10,3.968672075009253,0.6693035876912172,0.3151273038586311,loading
fast,10.5,7.758007593148122,0.09596822807027366,10,3.974972024644342,0.6687785712842991,0.31488005593161006,loading
fast,10.52,7.77074815486116,0.09589295402368352,10,3.9812670314542604,0.6682539667963872,0.31463301090717266,loading
fast,10.540000000000001,7.783478722684986,0.09581773813788219,10,3.9875570994803873,0.6677297738905705,0.314386167232783,loading
fast,10.56,7.796199304446578,0.09574258051094046,10,3.9938422327342433,0.6672059922324378,0.3141395234962374,loading
fast,10.58,7.808909907968786,0.09566748121753776,10,4.000122435201938,0.6666826214897126,0.31389307848961323,loading
fast,10.6,7.821610541070015,0.09559244031276981,10,4.006397710847784,0.6661596613319551,0.313646831244796,loading
fast,10.620000000000001,7.834301211563961,0.09551745783532778,10,4.012668063617301,0.665637111430297,0.31340078086472545,loading
fast,10.64,7.84698192725936,0.0954425338101586,10,4.0189334974398445,0.6651149714572329,0.3131549266388589,loading
fast,10.66,7.859652695959838,0.09536766825071619,10,4.025194016230628,0.6645932410864335,0.3129092678300083,loading
fast,10.68,7.872313525463717,0.09529286116081905,10,4.031449623892691,0.6640719199926035,0.31266380393191184,loading
fast,10.700000000000001,7.884964423563922,0.09521811253623517,10,4.037700324318198,0.6635510078513482,0.3124185343761354,loading
fast,10.72,7.897605398047826,0.09514342236597026,10,4.043946121389885,0.6630305043390732,0.31217345876299873,loading
fast,10.74,7.910236456697191,0.09506879063337403,10,4.050187018981976,0.6625104091328924,0.3119285766839397,loading
fast,10.76,7.9228576072880905,0.0949942173170935,10,4.056423020961148,0.6619907219105523,0.31168388777480516,loading
fast,10.78,7.935468857590841,0.09491970239180526,10,4.062654131187237,0.6614714423503709,0.31143939168920554,loading
fast,10.8,7.948070215369945,0.09484524582888501,10,4.068880353513864,0.6609525701311907,0.3111950881518055,loading
fast,10.82,7.960661688384061,0.09477084759694117,10,4.075101691788971,0.6604341049323241,0.31095097686062445,loading
fast,10.84,7.9732432843859655,0.09469650766227627,10,4.081318149855273,0.6599160464335296,0.31070705762914486,loading
fast,10.86,7.934961361324373,0.029198969572543587,9,3.9966796502347446,0.6670146042450269,0.8549011750673685,loading
fast,10.88,7.946492410676399,0.039586541769266036,9,4.012832747107461,0.6656612146180323,0.7673225238482573,loading
fast,10.9,7.958175680432799,0.048297474820654746,9,4.027385315037061,0.6644423689188566,0.6937420633397196,loading
fast,10.92,7.969985212220699,0.055600503270151584,9,4.04059310938051,0.6633365672388469,0.6319162466734696,loading
fast,10.94,7.981899209395074,0.06172128989997061,9,4.0526708945975205,0.6623257555430551,0.5799611141812377,loading
fast,10.96,7.993899370011828,0.06684932910978195,9,4.063799014115707,0.6613947733786971,0.5362946600726559,loading
fast,10.98,8.00597032670943,0.07114374384794157,9,4.0741289072026525,0.660530890102812,0.4995884363960812,loading
fast,11.0,8.018099176364181,0.0747381534326212,9,4.08378774161473,0.6597234154415967,0.4687269138905492,loading
fast,11.02,8.03027508513059,0.07774476117699884,9,4.092882303742309,0.6589633724678019,0.44277335593179146,loading
fast,11.040000000000001,8.04248895678434,0.08025778686535466,9,4.101502265257542,0.6582432229920867,0.42094116258262204,loading
fast,11.06,8.054733154222006,0.08235634908494407,9,4.109722926195964,0.6575566369675911,0.40256980705777323,loading
fast,11.08,8.067001265597746,0.08410688558861033,9,4.117607518387491,0.656898298853485,0.38710462931135226,loading
fast,11.1,8.079287907942721,0.08556518573086369,9,4.125209139702239,0.6562637450138222,0.3740798681057811,loading
fast,11.120000000000001,8.091591926433132,0.08678311826568395,10,4.1325790814822625,0.6556492271774959,0.36980761221272473,binding
fast,11.14,8.103969885537246,0.08788026655231755,10,4.1398652093209485,0.6550411998938304,0.3596080469137064,loading
fast,11.16,8.116354508548255,0.08878752977409132,10,4.146964784048205,0.6544488533305834,0.3510240152060362,loading
fast,11.18,8.12874313411141,0.08953572074908342,10,4.153907287804795,0.6538697088057013,0.3437934732097858,loading
fast,11.200000000000001,8.141133533841142,0.09015065377993771,10,4.160717420700536,0.6533016896821258,0.33769688604579073,loading
fast,11.22,8.153523842083068,0.09065395552156741,10,4.167415876563091,0.6527430561474239,0.3325503321782719,loading
fast,11.24,8.165912497070138,0.09106374430855185,10,4.174019992843633,0.6521923505735492,0.3281997262227776,loading
fast,11.26,8.17829819162457,0.09139519928092363,10,4.1805442950932346,0.6516483517404519,0.3245159786580132,loading
fast,11.28,8.190679831856961,0.09166103718529685,10,4.187000953113792,0.6511100364856057,0.32139094106042876,loading
fast,11.3,8.17328742795624,0.05504242184251435,9,4.141686135820629,0.6549113781025848,0.6226730516480927,loading
fast,11.32,8.185112394800797,0.061146913884258726,10,4.153703111284662,0.6539065295796496,0.5814662404564075,loading
fast,11.34,8.197066049959137,0.06631567778498373,10,4.164848702764539,0.6529739951994626,0.5366451580908205,loading
fast,11.36,8.209083632677505,0.07063412051030886,10,4.175175936849072,0.652110259945534,0.49905619547985225,loading
fast,11.38,8.221153201267175,0.07424019190192326,10,4.184816792535525,0.6513042278033843,0.46752617613599057,loading
fast,11.4,8.23326475247314,0.07724946333460166,10,4.1938818395711746,0.6505466027222686,0.44107223839695564,loading
fast,11.42,8.245409907017105,0.07975875798943456,10,4.202463711497991,0.6498295966220027,0.4188709620223108,loading
fast,11.44,8.25758164615225,0.08184919221794809,10,4.210640015294086,0.6491466847674403,0.4002325033685139,loading
fast,11.46,8.26977409095451,0.08358872353089927,10,4.218475769008162,0.6484924008265192,0.38457892639165436,loading
fast,11.48,8.281982317417615,0.08503428524798594,10,4.226025443956797,0.6478621651743408,0.37142604888629194,loading
fast,11.5,8.294202201543719,0.0862335748609904,10,4.23333467563287,0.6472521410500416,0.36036823336971224,loading
fast,11.52,8.306430289563707,0.08722655228562866,10,4.240441697067483,0.6466591140481752,0.3510656455869565,loading
fast,11.540000000000001,8.31866368921057,0.0880466950643837,10,4.247378539669665,0.6460803911591733,0.3432335797430852,loading
fast,11.56,8.330899978630622,0.08872204994821822,10,4.2541720392635405,0.6455137161876674,0.3366335155501332,loading
fast,11.58,8.343137130071277,0.08927611388887811,10,4.260844678924528,0.6449571988917706,0.3310656257742295,loading
fast,11.6,8.355373445948338,0.08972857211511798,10,4.267415295089286,0.6444092556175189,0.32636249951423224,loading
fast,11.620000000000001,8.367607505284553,0.09009591647694223,10,4.273899669119244,0.6438685595636939,0.3223838835708648,loading
fast,11.64,8.379838118836997,0.09039196348098433,10,4.280311022899493,0.6433339991147704,0.3190122767371406,loading
fast,11.66,8.392064291503786,0.0906282882892881,10,4.286660434041172,0.6428046429331598,0.3161492390901799,loading
fast,11.68,8.404285190829228,0.09081458831407818,10,4.2929571837286815,0.6422797107142599,0.31371229979981763,loading
fast,11.700000000000001,8.416500120618103,0.09095898782956506,10,4.299209048138636,0.641758548685659,0.3116323665430798,loading
fast,11.72,8.428708498830346,0.09106829316909766,10,4.305422542584282,0.6412406090809102,0.30985155520468766,loading
fast,11.74,8.440909839061597,0.09114820652376664,10,4.311603126054578,0.6407254329431011,0.30832137179181984,loading
fast,11.76,8.453103735028073,0.09120350505828166,10,4.317755372572323,0.6402126357180569,0.3070011890056179,loading
fast,11.78,8.465289847568336,0.0912381909703265,10,4.3238831147545085,0.6397018951846383,0.30585697016860536,loading
fast,11.8,8.47746789375362,0.09125561720706613,10,4.329989564083881,0.6391929413430157,0.3048602000710332,loading
fast,11.82,8.489637637764737,0.0912585927876646,10,4.336077411670052,0.6386855479432696,0.30398698928735257,loading
fast,11.84,8.501798883248906,0.09124947104021802,10,4.342148912664673,0.6381795253882518,0.3032173236938718,loading
fast,11.86,8.513951466916513,0.0912302235247721,10,4.348205956983032,0.6376747147877422,0.3025344359386395,loading
fast,11.88,8.526095253176578,0.09120250196434886,10,4.354250128552653,0.6371709829771659,0.30192427864506044,loading
fast,11.9,8.538230129642528,0.09116769012953342,10,4.360282754950809,0.6366682183443615,0.30137508314709294,loading
fast,11.92,8.550356003366932,0.09112694730610468,10,4.3663049489895815,0.6361663273333675,0.30087698999103907,loading
fast,11.94,8.562472797687146,0.0910812447113924,10,4.372317643554982,0.635665231515341,0.30042173907496306,loading
fast,11.96,8.574580449582612,0.09103139600308324,10,4.378321620794379,0.6351648651346491,0.30000241016736595,loading
fast,11.98,8.586678907460858,0.0909780828387793,10,4.3843175365692115,0.6346651730530477,0.29961320578308914,loading
fast,12.0,8.598800589803567,0.09096731884159212,11,4.390367613743365,0.6341613216385051,0.3034734054274679,loading
fast,12.02,8.61092755129728,0.09096438618620427,11,4.396428161834837,0.6336562065804539,0.3026408002835268,loading
fast,12.040000000000001,8.623045842213191,0.09095019390245383,11,4.402473115009041,0.6331523992585497,0.3019061116376065,loading
fast,12.06,8.635155324774942,0.09092659629163695,11,4.40850425867913,0.6326497495538097,0.3012533248476501,loading
fast,12.08,8.647255885010598,0.09089514379368271,11,4.414523086298974,0.632148131895858,0.3006690492703967,loading
fast,12.1,8.659347428850975,0.09085713277923495,11,4.420530847204738,0.6316474412403361,0.3001420887720485,loading
fast,12.120000000000001,8.671429878867329,0.09081364718259187,11,4.426528586616268,0.6311475897054519,0.29966308169093736,loading
fast,12.14,8.683503171543613,0.09076559331247595,11,4.432517179084284,0.6306485037596739,0.29922420037031827,loading
fast,12.16,8.695567254995701,0.09071372895855123,11,4.438497356456407,0.6301501218702927,0.29881889991933974,loading
fast,12.18,8.70762208706438,0.09065868772843107,11,4.44446973126062,0.6296523925372657,0.2984417078089052,loading
fast,12.200000000000001,8.719667633720832,0.09060099939672138,11,4.450434816257127,0.6291552726492571,0.29808804821307433,loading
fast,12.22,8.73170386773334,0.09054110691953209,11,4.456393040786221,0.6286587261090819,0.29775409520382823,loading
fast,12.24,8.727596937492372,0.06889037410321401,10,4.432688842849396,0.6306490772995581,0.47777044409436087,loading
fast,12.26,8.739278240927185,0.07228461220300801,10,4.44192373266659,0.6298770281329504,0.4480702619940047,loading
fast,12.280000000000001,8.751052434129129,0.07519106852020735,11,4.450717285584762,0.6291426459229217,0.42903665982230166,loading
fast,12.3,8.762869317085993,0.07762710067262092,11,4.459061759215622,0.62844544915134,0.40714903170169237,loading
fast,12.32,8.77470893118631,0.0796523287162172,11,4.467006794309354,0.6277818346298754,0.388809867857276,loading
fast,12.34,8.786566008317227,0.08133407800214329,11,4.474617082160755,0.6271463629642036,0.37343773119857815,loading
fast,12.36,8.798455053826238,0.08275589912738539,12,4.481983426040511,0.626531798219276,0.3650046718224331,loading
fast,12.38,8.810381348934182,0.08396898787080587,12,4.489159662337892,0.6259328223129601,0.3535300934132124,loading
fast,12.4,8.822313306836389,0.08496981797816142,12,4.496126471396355,0.6253514534920144,0.3439133005276318,loading
fast,12.42,8.834248428941983,0.08579347874367418,12,4.502917693214666,0.6247848461727323,0.3358472874541718,loading
fast,12.44,8.846184630837659,0.08646926024598338,12,4.509561575664813,0.624230625010203,0.32907578724916675,loading
fast,12.46,8.858120173835541,0.0870216117845975,12,4.516081698702369,0.6236868071819921,0.32338488627381423,loading
fast,12.48,8.870053607834173,0.08747094191553165,12,4.522497745832625,0.6231517375159721,0.3185960242912955,loading
fast,12.5,8.881983723622852,0.08783428626507847,12,4.528826148076508,0.6226240343396088,0.3145601518141916,loading
fast,12.52,8.893909513068657,0.08812586497396166,12,4.535080621508303,0.62210254427869,0.3111528525838736,loading
fast,12.540000000000001,8.90583013588332,0.08835754801267827,12,4.541272615954314,0.6215863045265311,0.3082702726882047,loading
fast,12.56,8.917744891882577,0.08853924359418275,12,4.547411689535476,0.6210745113488909,0.3058257221670857,loading
fast,12.58,8.929653197830206,0.08867922239359756,12,4.553505821308706,0.6205664937941227,0.30374683817768755,loading
fast,12.6,8.941554568109051,0.08878438818411255,12,4.559561672238633,0.6200616917482249,0.30197321733282934,loading
fast,12.620000000000001,8.953448598586547,0.0888605037449174,12,4.565584803038188,0.6195596376167407,0.30045443907766867,loading
fast,12.64,8.965334953146773,0.08891237943327236,12,4.571579856006652,0.6190599410341027,0.29914841588407626,loading
fast,12.66,8.977213352448416,0.08894403059134189,12,4.577550706815545,0.6185622761000291,0.2980200158955171,loading
fast,12.68,8.989083564540604,0.08895880893832062,12,4.583500591208637,0.6180663707254124,0.2970399135850954,loading
fast,12.700000000000001,9.000945397029767,0.08895951224744313,12,4.589432210762292,0.6175719977389671,0.29618362989758396,loading
fast,12.72,9.012798690541011,0.08894847589663674,12,4.595347821167147,0.6170789674637087,0.2954307316525018,loading
fast,12.74,9.024643313260164,0.08892764928861174,12,4.601249305918696,0.616587121520306,0.2947641623691766,loading
fast,12.76,9.03647915637783,0.08889865964098856,12,4.607138237829897,0.6160963276545568,0.294169684579515,loading
fast,12.780000000000001,9.048306130286463,0.08886286523385381,12,4.613015930377076,0.6156064754197319,0.2936354138594055,loading
fast,12.8,9.057105981915285,0.08449262003085697,11,4.6130456109885,0.6156067826185454,0.3270024110459957,loading
fast,12.82,9.068823903653573,0.085107454891312,11,4.6195194067181085,0.6150667877853897,0.3208601427839852,loading
fast,12.84,9.080541343863366,0.08561014911956878,11,4.625880821051261,0.6145362388291906,0.31568700154771534,loading
fast,12.86,9.09225686922403,0.08601908755312315,11,4.632147522165134,0.6140136501705122,0.3113242112799952,loading
fast,12.88,9.10396928247647,0.08634964240091357,11,4.638334283639171,0.6134977796145458,0.3076390137195517,loading
fast,12.9,9.115677583740172,0.08661466690613023,11,4.6444534587762085,0.6129875884690541,0.3045204048586214,loading
fast,12.92,9.127380938168855,0.08682490811511433,11,4.65051537719955,0.6124822081975678,0.30187557036498447,loading
fast,12.94,9.139078648906342,0.08698935200823515,11,4.656528676461408,0.6119809125369433,0.29962690472729037,loading
fast,12.96,9.150770134473913,0.08711551207597704,11,4.662500579312939,0.611483094183868,0.2977095193550383,loading
fast,12.98,9.162454909863133,0.08720967060773024,11,4.668437125539308,0.610988245301596,0.29606915846080994,loading
fast,13.0,9.174132570726847,0.08727708044188014,11,4.674343365805321,0.6104959412209601,0.2946604568414557,loading
fast,13.02,9.185802780160742,0.087322133656273,11,4.68022352373667,0.6100058268121984,0.2934454830505473,loading
fast,13.040000000000001,9.197465257650919,0.08734850261624703,11,4.686081131441716,0.609517605089954,0.2923925211639755,loading
fast,13.06,9.136207271271523,-0.008292834928463198,10,4.559810800707309,0.6201079467624173,1.1061618563168452,loading
fast,13.08,9.146521962242602,0.007238612707656416,10,4.580499593828964,0.6183728058789157,0.973264375952354,loading
fast,13.1,9.157046715032862,0.020239394370693,10,4.598762751887129,0.6168415947794779,0.8618892408644996,loading
fast,13.120000000000001,9.167745975731343,0.031120047758935142,10,4.614993035624613,0.6154812924552793,0.7685450879630906,loading
fast,13.14,9.178589959202263,0.040224512435144924,10,4.62951949203627,0.614264234574396,0.6903069290231656,loading
fast,13.16,9.189553713263528,0.0478409334901769,10,4.642617790121948,0.6131672445125438,0.6247242724732871,loading
fast,13.18,9.200616334675793,0.05421071261780892,10,4.65451887995571,0.6121709053494895,0.5697441495833289,loading
fast,13.200000000000001,9.211760312315121,0.05953609090868819,10,4.665416247066263,0.6112589499634555,0.5236466277303009,loading
fast,13.22,9.222970976897308,0.06398650155045871,10,4.67547198999914,0.6104177500654624,0.4849907846899981,loading
fast,13.24,9.23423603996888,0.06770389198201643,10,4.684821911966486,0.6096358881233839,0.45256944709315405,loading
fast,13.26,9.245545207683733,0.07080718267872355,10,4.6935797865205835,0.6089037987292181,0.4253712712003477,loading
fast,13.280000000000001,9.238625164102181,0.050349326831488454,9,4.669661908882592,0.6109105921402855,0.5890145660174539,loading
fast,13.3,9.249608431875266,0.05615914531580734,10,4.680963361253422,0.6099655322990367,0.5497488418626517,loading
fast,13.32,9.26074528963256,0.06112152809898353,10,4.6914941729152595,0.6090843806781594,0.5067410531722771,loading
fast,13.34,9.271943760665888,0.06526786578916428,10,4.701239746122091,0.6082692439766781,0.470673842229985,loading
fast,13.36,9.283192384466588,0.06873054727836299,10,4.710326739511663,0.60750947348445,0.44042132506127984,loading
fast,13.38,9.29448156081893,0.07162048509897308,10,4.718861265508426,0.6067961478959993,0.41504026041749853,loading
fast,13.4,9.30580324801926,0.0740305993555745,10,4.726932223365189,0.6061217930880123,0.39374042133566434,loading
fast,13.42,9.317150710050644,0.0760387364874239,10,4.7346140915127535,0.6054801473550024,0.3758597727827606,loading
fast,13.44,9.32851830477123,0.07771011454429669,10,4.741969266929903,0.6048659647288492,0.36084367609490187,loading
fast,13.46,9.339901306463034,0.07909937178541566,10,4.749050025016931,0.6042748502041757,0.34822746703966345,loading
fast,13.48,9.351295757167215,0.08025228295124381,10,4.755900161534829,0.6037031216937685,0.33762186005148465,loading
fast,13.5,9.362698342135939,0.08120719711865339,10,4.7625563681866385,0.6031476943777869,0.3287007200825087,loading
fast,13.52,9.374106285488747,0.08199624230484308,10,4.769049385049215,0.6026059838140843,0.3211908182265688,loading
fast,13.540000000000001,9.385517262795613,0.08264633465825456,10,4.775404966056044,0.6020758247660947,0.31486324918006403,loading
fast,13.56,9.396929327841008,0.08318002393687084,10,4.781644687857389,0.6015554031986514,0.3095262412049493,loading
fast,13.58,9.40834085126842,0.08361620183159667,10,4.787786627465799,0.6010431993055003,0.3050191318028084,loading
fast,13.6,9.419750469178013,0.08397069538411454,10,4.793845929973116,0.6005379397790456,0.30120732166238895,loading
fast,13.620000000000001,9.431157040062914,0.08425676413957028,10,4.79983528417103,0.6000385578229324,0.29797804621800594,loading
fast,13.64,9.44255960873135,0.08448551665026899,10,4.80576532101596,0.5995441596514872,0.2952368338071665,loading
fast,13.66,9.453957376081412,0.08466625941340114,10,4.811644947454091,0.5990539964236659,0.29290453808172856,loading
fast,13.68,9.465349673778967,0.08480678920352552,10,4.817481626093018,0.5985674407299102,0.2909148519414373,loading
fast,13.700000000000001,9.47673594304343,0.08491363798238943,10,4.823281609504095,0.5980839668933831,0.2892122246915818,loading
fast,13.72,9.48811571687488,0.08499227807898069,10,4.829050136516424,0.5976031344667307,0.2877501171916208,loading
fast,13.74,9.49948860516438,0.08504729408503713,10,4.8347915966672375,0.5971245744060549,0.28648953989751647,loading
fast,13.76,9.510854282219675,0.08508252686525969,10,4.8405096679750965,0.596647977487754,0.2853978281436298,loading
fast,13.780000000000001,9.52221247631455,0.08510119420602967,10,4.846207432363309,0.5961730846044162,0.28444761630375126,loading
fast,13.8,9.533562960933438,0.08510599189220559,10,4.851887472358937,0.5956996786349151,0.28361597791892734,loading
fast,13.82,9.544905547436414,0.08509917838715018,10,4.857551952105352,0.5952275776333569,0.2828837056334521,loading
fast,13.84,9.556240078914058,0.08508264577574629,10,4.863202685232761,0.5947566291229451,0.2822347081021803,loading
fast,13.86,9.567566425039175,0.08505797919896711,10,4.868841191718548,0.5942867053154666,0.28165550414627205,loading
fast,13.88,9.578884477753718,0.08502650664685228,10,4.874468745523707,0.5938176991063231,0.28113479958413734,loading
fast,13.9,9.590194147655332,0.08498934067394602,10,4.880086414501596,0.5933495207192288,0.28066313234198503,loading
fast,13.92,9.601495360970148,0.08494741334764937,10,4.8856950938327195,0.5928820948952176,0.28023257533149604,loading
fast,13.94,9.612788057016601,0.0849015055271522,10,4.891295534035455,0.5924153585376579,0.2798364873495274,loading
fast,13.96,9.569525872018389,0.011138200499054314,9,4.795901136508245,0.6004160716428324,0.8939962222349607,loading
fast,13.98,9.579650993025872,0.0228887865988407,9,4.812714283111793,0.5990067368679275,0.7951255269240676,loading
fast,14.0,9.589950321524473,0.03274547016663385,9,4.827720630928868,0.5977492863218072,0.7120667905553546,loading
fast,14.02,9.493371501411406,-0.10363183152717091,8,4.643053919178525,0.6132302322970278,1.816706742857832,loading
fast,14.040000000000001,9.50139178028229,-0.07393045815371474,8,4.676765431987432,0.6104006758668123,1.5735423891811706,loading
fast,14.06,9.509915681273654,-0.048930333394115365,8,4.706027507242707,0.6079451034343217,1.3687484545670259,loading
fast,14.08,9.518862291739602,-0.02788895391033537,8,4.731542191959475,0.6058045060786827,1.1962649036689754,loading
fast,14.1,9.528163479099693,-0.010181084207130882,8,4.753900655342703,0.603929194454556,1.050988797373975,loading
fast,14.120000000000001,9.537761872408595,0.004719764154975532,8,4.77360070035928,0.6022773268978365,0.9286231333192063,loading
fast,14.14,9.547609162708184,0.017256928252061817,8,4.791061509606164,0.6008136699960989,0.8255495593516571,loading
fast,14.16,9.557664671814745,0.027803726371418078,8,4.806636062278782,0.5995085549093171,0.7387211905864888,loading
fast,14.18,9.567894147145935,0.03667451648287199,8,4.8206215900558345,0.5983369985248703,0.6655723542792202,loading
fast,14.200000000000001,9.578268746887666,0.044134008181976714,8,4.833268381625812,0.5972779634136056,0.603942589080475,loading
fast,14.22,9.588764185439405,0.05040510394422625,8,4.844787196663942,0.596313734665324,0.5520126478302245,loading
fast,14.24,9.599360013824285,0.055675501964783394,8,4.855355508876924,0.5954293951442107,0.5082506074529647,loading
fast,14.26,9.610039013748143,0.06010325617359121,8,4.865122763047664,0.5946123836202293,0.47136649041590317,loading
fast,14.280000000000001,9.620786687358354,0.06382145812526606,8,4.874214801804454,0.5938521226873532,0.4402740526927573,loading
fast,14.3,9.631590827587992,0.06694217945107031,8,4.882737593245066,0.5931397054468273,0.4140586069922847,loading
fast,14.32,9.642441156357982,0.06955979165668191,8,4.89078036983568,0.5924676316743553,0.3919499279447791,loading
fast,14.34,9.653329019920122,0.07175376160519333,8,4.89841827156526,0.5918295856559121,0.3732994362053432,loading
fast,14.36,9.664247132316294,0.07359100549331063,8,4.9057145716514565,0.5912202491112395,0.35756098633044076,loading
fast,14.38,9.675189359354693,0.07512787105051301,8,4.912722550727862,0.5906351436634092,0.34427468877140655,loading
fast,14.4,9.686150536703892,0.0764118066780877,8,4.919487075030032,0.5900704981880742,0.3330532869227909,loading
fast,14.42,9.697126316716393,0.0774827669713748,8,4.926045925329573,0.5895231371130243,0.3235706858646381,loading
fast,14.44,9.708113039444193,0.0783743962597943,8,4.932430915981895,0.5889903863592354,0.31555229271873486,loading
fast,14.46,9.719107624025632,0.07911502522354041,8,4.938668837236362,0.5884699941371838,0.30876688256853413,loading
fast,14.48,9.73010747722612,0.07972851010890089,8,4.944782248721962,0.5879600642522707,0.3030197492108755,loading
fast,14.5,9.74111041642358,0.08023493940139469,8,4.950790147613189,0.5874589999436934,0.2981469375100687,loading
fast,14.52,9.752114604757224,0.08065122889000992,8,4.95670853126863,0.5869654565931675,0.29401038663934287,loading
fast,14.540000000000001,9.763118496518679,0.08099162274945385,8,4.962550871008785,0.5864783019026449,0.29049384052370897,loading
fast,14.56,9.774120791167753,0.08126811548360556,8,4.968328511067481,0.5859965823613833,0.28749940408090424,loading
fast,14.58,9.785120394610857,0.08149080722905018,8,4.974051004534472,0.5855194950090687,0.28494464329753555,loading
fast,14.6,9.79611638659484,0.08166820294342238,8,4.979726396240848,0.5850463636585512,0.2827601434631788,loading
fast,14.620000000000001,9.807107993250604,0.08180746434123261,8,4.985361460966542,0.584576618873861,0.2808874528739125,loading
fast,14.64,9.818094563972977,0.08191462204000663,8,4.99096190402649,0.5841097811104137,0.2792773514528335,loading
fast,14.66,9.82907555195213,0.08199475420094347,8,4.996532530177019,0.5836454465179737,0.2778883927021525,loading
fast,14.68,9.8400504977798,0.08205213695589793,8,5.0020773858457925,0.5831832749858494,0.2766856759848224,loading
fast,14.700000000000001,9.85101901564461,0.08209037107644704,8,5.007599878898743,0.5827229800761631,0.2756398126990689,loading
fast,14.72,9.861980781707707,0.08211248863747128,8,5.013102879491326,0.5822643205470377,0.2747260557782738,loading
fast,14.74,9.872935524314265,0.0821210428347079,8,5.018588804991849,0.5818070932145551,0.2739235665103479,loading
fast,14.76,9.883883015750975,0.08211818361690568,8,5.024059691492395,0.5813511269420817,0.27321479737452137,loading
fast,14.780000000000001,9.894823065305271,0.08210572137293716,8,5.029517254025562,0.5808962775788884,0.27258497222248934,loading
fast,14.8,9.905755513420822,0.08208518056046844,8,5.034962937270889,0.5804424236981414,0.2720216485840865,loading
fast,14.82,9.916680226776009,0.08205784486472158,8,5.040397958252724,0.5799894630080249,0.271514349023505,loading
fast,14.84,9.927597094139749,0.082024795225067,8,5.04582334229495,0.5795373093296627,0.2710542509021252,loading
fast,14.86,9.938506022881818,0.08198694185585906,8,5.051239953296756,0.5790858900523477,0.2706339249272105,loading
fast,14.88,9.949406936034244,0.08194505120998391,8,5.0566485192271085,0.5786351439906727,0.2702471151820873,loading
fast,14.9,9.960299769816974,0.08189976868401404,8,5.062049653592494,0.5781850195801044,0.2698885537455453,loading
fast,14.92,9.971184471554132,0.0818516377372538,8,5.0674438735143195,0.5777354733575268,0.2695538046424417,loading
fast,14.94,9.982060997919547,0.08180111599136093,8,5.07283161495114,0.5772864686817818,0.2692391325211929,loading
fast,14.96,9.992929313459264,0.08174858878713401,8,5.0782132455167766,0.5768379746562622,0.26894139192279454,loading
fast,14.98,10.003789389347453,0.08169438060027549,8,5.083589075274004,0.5763899652216782,0.26865793414287964,loading
fast,15.0,10.014641202338783,0.0816387646541591,8,5.088959365823554,0.5759424183921076,0.2683865288446441,loading
fast,15.02,10.025484733886277,0.0815819710144172,8,5.094324337957557,0.57549531561169,0.2681252978362636,loading
fast,15.040000000000001,9.987988420233364,0.019322249197179685,7,5.01331645931387,0.5822867547200568,0.7575159545503141,loading
fast,15.06,9.99757456166931,0.028856624728476877,7,5.027643905563147,0.5810864393135453,0.6811773256920617,loading
fast,15.08,10.00733789376553,0.03690290027113602,7,5.040571847153906,0.5800037331235619,0.6166446366488998,loading
fast,15.1,10.017249660669581,0.0436918378031411,7,5.052316668137934,0.5790204515889319,0.5620872051164127,loading
fast,15.120000000000001,10.027285566584556,0.04941841582754379,7,5.063061199119831,0.5781212299255474,0.5159582263996043,loading
fast,15.14,10.037538499881848,0.05440450321378773,8,5.073173753154709,0.5772762980377377,0.48932960756076227,loading
fast,15.16,10.047899813262603,0.0586306693118945,8,5.082580575943187,0.5764894614624234,0.4541134922675383,loading
fast,15.18,10.058326559938202,0.06217943308847146,8,5.091342713057575,0.5757568094654422,0.42442664287989373,loading
fast,15.200000000000001,10.068882045356322,0.06526165273201866,9,5.099702675410176,0.5750587461517693,0.40762923140924556,loading
fast,15.22,10.079497307908895,0.06786420066092255,9,5.107612854615379,0.5743976919829674,0.3851584109888506,loading
fast,15.24,10.090169382545042,0.0700742000843544,10,5.1151588913568755,0.5737678226201617,0.37276279881481855,loading
fast,15.26,10.100911059132166,0.0719759065301313,10,5.122431436096205,0.5731603661689915,0.3558301241035622,loading
fast,15.280000000000001,10.111671804450737,0.07355870620798304,10,5.1293946084333495,0.5725789168093152,0.3416101451314546,loading
fast,15.3,10.122447143300686,0.07487434088490012,10,5.136097912535243,0.5720193125246085,0.32966283054491896,loading
fast,15.32,10.133233327540534,0.07596615868340088,10,5.142582822453688,0.5714780664231582,0.31961953158798906,loading
fast,15.34,10.144027218141812,0.07687047571290632,10,5.148884084783797,0.5709522572182071,0.31117140228076323,loading
fast,15.36,10.154864218249799,0.07767043260847893,11,5.155102541733383,0.5704338127588675,0.3082948397921115,loading
fast,15.38,10.165713436482182,0.07834093239878642,11,5.161197650639881,0.5699253401955608,0.30173298661217984,loading
fast,15.4,10.176563503258087,0.07889100684356135,11,5.167172758472585,0.5694269544406907,0.29621176087424317,loading
fast,15.42,10.187412878393975,0.07934039769118939,11,5.173046836888142,0.5689370603149928,0.2915606680549132,loading
fast,15.44,10.198260275191387,0.0797056117125598,11,5.1788357493082415,0.5684543239869451,0.28763715158142134,loading
fast,15.46,10.209104618898905,0.08000045079893067,11,5.18455276024838,0.5679776301471937,0.28432201470529606,loading
fast,15.48,10.219945011980688,0.0802364551955476,11,5.190208961185881,0.5675060462005821,0.2815155928654889,loading
fast,15.5,10.230780705076253,0.08042327410507265,11,5.195813626643204,0.5670387923258138,0.2791345529704614,loading
fast,15.52,10.241611072718953,0.08056897556225436,11,5.201374511921729,0.5665752164412852,0.2771092171514056,loading
fast,15.540000000000001,10.252435593033312,0.08068030553115836,11,5.206898102047793,0.5661147732731291,0.2753813253431048,loading
fast,15.56,10.263253830759226,0.08076290454556655,11,5.21238981992518,0.5656570068532516,0.27390216419931335,loading
fast,15.58,10.274101218301979,0.08087016299891356,12,5.21792077214989,0.5651962485633157,0.2757549096799039,loading
fast,15.6,10.28494205010184,0.08094905801625023,12,5.223420083067191,0.5647378503511378,0.2742872808454422,loading
fast,15.620000000000001,10.295775997549296,0.08100428563209523,12,5.228892284406763,0.5642817285776578,0.2730273386575277,loading
fast,15.64,10.306602787460434,0.08103976576058652,12,5.234341159490805,0.5638275651079547,0.27194078626280316,loading
fast,15.66,10.317422192915913,0.0810587704649736,12,5.239769866922915,0.5633750943393545,0.27099899516969117,loading
fast,15.68,10.328234025613888,0.081064031027895,12,5.245181043834842,0.5629240945194416,0.27017806814200185,loading
fast,15.700000000000001,10.339038129486852,0.08105782732625207,12,5.2505768920696685,0.5624743804989885,0.26945805753086916,loading
fast,15.72,10.349834375373362,0.08104206243501377,12,5.255959250121679,0.5620257976825493,0.2688223122717659,loading
fast,15.74,10.360622656570403,0.08101832490129096,12,5.261329653186481,0.561578216978903,0.2682569333174456,loading
fast,15.76,10.371402885120812,0.08098794072638094,12,5.266689383286819,0.5611315305859923,0.2677503187271668,loading
fast,15.780000000000001,10.382174988714269,0.08095201675671998,12,5.272039511113855,0.5606856484724962,0.26729278381054655,loading
fast,15.8,10.392938908100444,0.0809114769035946,12,5.277380930953813,0.5602404954409026,0.2668762446447204,loading
fast,15.82,10.403694594929732,0.08086709237686777,12,5.282714389841724,0.5597960086759561,0.26649395319822133,loading
fast,15.84,10.414442009950779,0.08081950692193528,12,5.28804051189733,0.5593521356982831,0.2661402767287768,loading
fast,15.860000000000001,10.425181121505965,0.08076925788579226,12,5.293359818638757,0.558908832656211,0.26581051329088723,loading
fast,15.88,10.435911904275493,0.08071679380149976,12,5.29867274593923,0.5584660628999119,0.26550073817332986,loading
fast,15.9,10.446634338229078,0.0806624890664799,12,5.303979658181023,0.5580237957911789,0.26520767517013155,loading
fast,15.92,10.457348407750857,0.08060665619489564,12,5.309280860070347,0.5575820057099283,0.2649285894875675,loading
fast,15.94,10.46805410090898,0.08054955604514746,12,5.3145766064996085,0.5571406712248945,0.2646611983436742,loading
fast,15.96,10.478751408845824,0.0804914063569649,12,5.319867110779862,0.556699774401366,0.2644035962546809,loading
fast,15.98,10.4894403252691,0.0804323888776952,12,5.325152551512241,0.5562593002233525,0.26415419247172167,loading
fast,16.0,10.500120846026995,0.08037265531074368,12,5.330433078324214,0.5558192361112633,0.2639116593741164,loading
fast,16.02,10.510792968753506,0.08031233228092864,12,5.335708816657666,0.5553795715192356,0.2636748884938811,loading
fast,16.04,10.521456692572492,0.0802515254792475,12,5.340979871765471,0.5549402975990991,0.26344295466174117,loading
fast,16.06,10.532112017850526,0.08019032312260552,12,5.346246332047871,0.5545014069198115,0.2632150856101134,loading
fast,16.080000000000002,10.517222855226414,0.04596227365860453,11,5.304573701271799,0.5579985810136867,0.5566734360389347,loading
fast,16.1,10.527408739902306,0.051480210943105835,11,5.3151845808943,0.5571103072669104,0.5082680972243736,loading
fast,16.12,10.537657917474277,0.05608367460956702,11,5.324912633346701,0.5562962606333126,0.46776094645117894,loading
fast,16.14,10.547958651784178,0.05992252248165437,11,5.333901848373765,0.5555443341170287,0.43385777810911463,loading
fast,16.16,10.558301130888125,0.06312205600530649,11,5.342272621449371,0.5548444045842695,0.40547646060673515,loading
fast,16.18,10.56867715174533,0.06578704416627722,11,5.350125620038973,0.5541880076788734,0.38171218545457464,loading
fast,16.2,10.579079856575213,0.0680050880306788,11,5.357545016318301,0.5535680660076374,0.36180840995037045,loading
fast,16.22,10.589503512416215,0.06984943395684692,11,5.364601190164947,0.5529786618664112,0.3451325618808454,loading
fast,16.240000000000002,10.599943326807072,0.07138132582177109,11,5.371352989225311,0.5524148472083232,0.33115572519015757,loading
fast,16.26,10.610395293671456,0.07265197180128165,11,5.377849618637029,0.5518724847514338,0.31943565423553366,loading
fast,16.28,10.620856064456525,0.07370418886475655,11,5.384132221092999,0.5513481151232236,0.30960257168111127,loading
fast,16.3,10.631322840387377,0.07457377779564268,11,5.390235197989346,0.5508388457753657,0.3013472937336559,loading
fast,16.32,10.64179328237715,0.07529067289502843,11,5.396187314083576,0.5503422581014119,0.29441130051921505,loading
fast,16.34,10.65226543569963,0.07587990328955091,11,5.402012621139358,0.5498563297746055,0.28857843462404276,loading
fast,16.36,10.662737667005374,0.07636239671521323,11,5.407731230217896,0.5493793698117577,0.2836679589890423,loading
fast,16.38,10.67320861165863,0.07675565158951847,11,5.413359957418846,0.5489099642778466,0.279528753004854,loading
fast,16.4,10.683677129703888,0.07707429895493184,11,5.418912863806879,0.5484469308876889,0.2760344591461461,loading
fast,16.42,10.694142269047902,0.0773305723397063,11,5.4244017068636605,0.5479892810468334,0.27307942566245913,loading
fast,16.44,10.704603234674938,0.07753470062529577,11,5.429836317962783,0.547536188112528,0.2705753131184707,loading
fast,16.46,10.715059362906505,0.07769523653671863,11,5.435224917989991,0.5470869608556541,0.26844825784166915,loading
fast,16.48,10.725510099879003,0.07781933130501599,11,5.440574381244508,0.5466410212712691,0.2666364997363502,loading
fast,16.5,10.735954983548119,0.07791296432231114,11,5.4458904560963735,0.5461978860252239,0.26508839905936554,loading
fast,16.52,10.746393628642117,0.07798113516460271,11,5.451177949485686,0.5457571509410171,0.2637607778908091,loading
fast,16.54,10.751243120442595,0.07070209351569345,10,5.446323653736997,0.5461664756058733,0.3213610074759288,loading
fast,16.56,10.761529671185691,0.0718709844400746,10,5.452635820032924,0.5456395730468955,0.3106965956689578,loading
fast,16.580000000000002,10.771825357238313,0.07284034212222212,10,5.458753020741373,0.5451290590761522,0.30172965519881245,loading
fast,16.6,10.782127380523931,0.07364254296304895,10,5.4647062332250265,0.5446323293016497,0.29418484482235385,loading
fast,16.62,10.792433397907203,0.07430471120217635,10,5.470521410155772,0.5441472017778244,0.28783148966482486,loading
fast,16.64,10.802741447391789,0.07484957093249013,10,5.476220294628366,0.5436718484755809,0.2824763353359572,loading
fast,16.66,10.813049886290543,0.07529615989951145,10,5.481821103044776,0.5432047378693845,0.2779574773903448,loading
fast,16.68,10.823357339425819,0.0756604275069984,10,5.487339097219909,0.5427445868379979,0.27413927588426645,loading
fast,16.7,10.833662655732812,0.07595573581302009,10,5.492787063679415,0.5422903203679221,0.2709080944818254,loading
fast,16.72,10.84396487190277,0.07619327925361624,10,5.498175715205015,0.5418410377938534,0.2681687312566794,loading
fast,16.740000000000002,10.8542631819241,0.07638243627817703,10,5.503514027240243,0.5413959845156391,0.26584142791108434,loading
fast,16.76,10.864556911564527,0.07653106394188815,10,5.508809519724153,0.5409545283033852,0.26385936477524297,loading
fast,16.78,10.874845496992833,0.07664574470891705,10,5.514068493205343,0.5405161394463678,0.262166561757482,loading
fast,16.8,10.885128466868604,0.07673199321877894,10,5.519296226653093,0.5400803741222318,0.26071611987532606,loading
fast,16.82,10.895405427337401,0.07679442951064758,10,5.52449714317936,0.539646860464065,0.25946874814053444,loading
fast,16.84,10.905676049460055,0.07683692414699593,10,5.529674948877034,0.5392152868877076,0.2583915295240047,loading
fast,16.86,10.915940058681208,0.07686271979497274,10,5.534832749135571,0.5387853923125931,0.2574568866897664,loading
fast,16.88,10.926197226006252,0.07687453308466105,10,5.539973146087775,0.5383569579690219,0.2566417160387857,loading
fast,16.9,10.936447360609598,0.0768746399437368,10,5.5450983202485595,0.5379298005344353,0.2559266617829792,loading
fast,16.92,10.946690303642043,0.07686494708896285,10,5.550210098909968,0.5375037663831712,0.2552955080226127,loading
fast,16.94,10.956925923042675,0.07684705192020225,10,5.555310013441556,0.5370787267689983,0.2547346695358499,loading
fast,16.96,10.960925730063238,0.06806474394802493,9,5.548527608979647,0.5376496319449837,0.32319231945088234,loading
fast,16.98,10.97096893139009,0.0693809702099246,9,5.5548654359049685,0.5371205060131607,0.3115080628965927,loading
fast,17.0,10.98104806561151,0.07050922333814336,10,5.561033256143899,0.5366061446126966,0.30699149625945665,loading
fast,17.02,10.991170651528844,0.0714901001307324,10,5.567075425895167,0.5361018760573828,0.29793858375981586,loading
fast,17.04,11.001299857316432,0.07230211568064046,10,5.572952044338857,0.535611523162324,0.29032228674452654,loading
fast,17.06,11.011433315794328,0.0729726705895427,10,5.578689328486712,0.5351328817577907,0.28390958020096946,loading
fast,17.080000000000002,11.021569044805059,0.07352472048056835,10,5.584309242883121,0.5346641051964547,0.2785052405762656,loading
fast,17.1,11.031705384753831,0.07397749707036792,10,5.589830189447271,0.5342036463555524,0.27394571390004785,loading
fast,17.12,11.041840946281042,0.07434711226756348,10,5.595267585408079,0.5337502090475164,0.2700939782762646,loading
fast,17.14,11.051974566423503,0.07464706427339822,10,5.600634347485149,0.5333027073128658,0.2668352395396312,loading
fast,17.16,11.062105271887198,0.07488866158180763,10,5.605941297525421,0.5328602313166881,0.2640733256775718,loading
fast,17.18,11.072232248278059,0.07508137819749566,10,5.611197502336518,0.5324220187774473,0.261727665886724,loading
fast,17.2,11.08235481432413,0.07523315122992277,10,5.616410558391989,0.5319874310306418,0.2597307596907683,loading
fast,17.22,11.092472400279497,0.07535063021110562,10,5.621586830350855,0.5315559329754767,0.2580260565743231,loading
fast,17.240000000000002,11.102584529831535,0.07543938596861917,10,5.626731650884382,0.5311270762746141,0.2565661797504504,loading
fast,17.26,11.112690804943217,0.07550408561489627,10,5.6318494880865,0.5307004852792843,0.2553114379111321,loading
fast,17.28,11.122790893154317,0.07554863914944697,10,5.636944085726627,0.5302758452376701,0.25422857866885806,loading
fast,17.3,11.13288451694266,0.07557632227903427,10,5.642018580750383,0.5298528924161086,0.2532897436857695,loading
fast,17.32,11.094423693587803,0.008006348444238798,9,5.555218195238153,0.5371331386429896,0.8158589540272487,loading
fast,17.34,11.103448728864798,0.018828720015382307,9,5.570553084447782,0.5358476445372202,0.7248188944242173,loading
fast,17.36,11.11263441756481,0.027907075850326313,9,5.5842242846327395,0.5347020045632276,0.6483393914695768,loading
fast,17.38,11.121953756567216,0.03552094755333329,9,5.596497825836938,0.5336738550767952,0.5840867584794296,loading
fast,17.400000000000002,11.001894335074795,-0.14015932490001187,8,5.360787842637404,0.5534355308267422,2.0142125583095805,loading
fast,17.42,11.008269875165631,-0.10607082253576632,8,5.398064115047072,0.5503059337556975,1.735320115441752,loading
fast,17.44,11.015225337070518,-0.07737538188123008,8,5.4302372866540285,0.547605263141435,1.500444351249186,loading
fast,17.46,11.022667899950115,-0.053221238395051905,8,5.458112711580023,0.5452658268251076,1.3026334813144302,loading
fast,17.48,11.030519403649926,-0.03289115163034207,8,5.482368550194632,0.5432306236218232,1.1360336565093831,loading
fast,17.5,11.038714033252994,-0.015781159068221133,8,5.503575857558285,0.5414516548334734,0.9957155599664702,loading
fast,17.52,11.047196369324585,-0.0013826854809673196,8,5.522215499181325,0.5398885024340734,0.8775283902053843,loading
fast,17.54,11.055919746092933,0.010732522133248233,8,5.538692395179719,0.538507131810505,0.7779769057805197,loading
fast,17.56,11.064844868932006,0.020925080302995978,8,5.553347514769012,0.5372788835933204,0.6941178888570931,loading
fast,17.580000000000002,11.073938650193199,0.02949865130210479,8,5.566467976398721,0.5361796247135204,0.6234729609673195,loading
fast,17.6,11.083173228900819,0.036708938263743864,8,5.578295552714149,0.5351890335378402,0.5639551682321553,loading
fast,17.62,11.092525145272745,0.042771259644229634,8,5.589033832280602,0.5342899979067355,0.5138071614272377,loading
fast,17.64,11.1019746456138,0.047866927408126564,8,5.598854250215023,0.5334681082437187,0.47154913964675416,loading
fast,17.66,11.111505096991316,0.05214861786966103,8,5.607901166365346,0.5327112307208379,0.4359350154015118,loading
fast,17.68,11.121102494354375,0.055744894286272044,8,5.616296141463447,0.5320091478366267,0.4059155029665362,loading
fast,17.7,11.130755045496517,0.05876401517275302,8,5.6241415379210284,0.5313532557596183,0.38060703644759997,loading
fast,17.72,11.14045282156777,0.06129714114649052,8,5.631523551930382,0.5307363094721753,0.35926559648657985,loading
fast,17.740000000000002,11.150187462783208,0.06342103529700617,8,5.638514766688624,0.5301522081652008,0.34126467103412494,loading
fast,17.76,11.15995193061078,0.06520033707066056,8,5.645176302376054,0.5295958145267141,0.3260766966235451,loading
fast,17.78,11.169740299097441,0.0666894770275327,8,5.651559626576267,0.5290628025712292,0.3132574310171776,loading
fast,17.8,11.179547579152441,0.06793428918979637,8,5.657708078766017,0.5285495295022977,0.30243279358899144,loading
fast,17.82,11.189369570582485,0.06897336874250412,8,5.663658154033749,0.5280529278125627,0.2932877845012172,loading
fast,17.84,11.19920273749591,0.06983921530494766,8,5.669440584052904,0.5275704144250561,0.2855571535764767,loading
fast,17.86,11.20904410338494,0.0705591956385286,8,5.675081247331017,0.5270998141843444,0.2790175431481856,loading
fast,17.88,11.218891162778256,0.07115635430861059,8,5.68060193569776,0.526639295431159,0.2734808716677861,loading
fast,17.900000000000002,11.228741806846738,0.07165009631389672,8,5.686020999737277,0.5261873157520898,0.26878876235514326,loading
fast,17.92,11.238594260758763,0.07205676190419721,8,5.691353892283596,0.525742576297352,0.2648078518205921,loading
fast,17.94,11.248447030929317,0.07239011061390684,8,5.696613626078582,0.5253039833134083,0.2614258394828539,loading
fast,17.96,11.258298860600373,0.07266172884929242,8,5.701811159149482,0.5248706157509635,0.2585481610442031,loading
fast,17.98,11.241358080587144,0.038061403359365135,7,5.658740443652926,0.5284822311556068,0.527217520208012,loading
fast,18.0,11.250480654076654,0.04356682186468885,7,5.668807148903031,0.5276396462760407,0.482904215520108,loading
fast,18.02,11.259748467704622,0.04827535736999044,8,5.678149591222294,0.5268590058487916,0.45766140779335274,loading
fast,18.04,11.269179373757716,0.052347591552591104,8,5.686937278431445,0.5261238738783167,0.4237649712450775,loading
fast,18.06,11.238945289204786,0.0015358554994022206,7,5.621008500101789,0.5316507445737371,0.8174349866330033,loading
fast,18.080000000000002,11.247366494360968,0.012711395571139202,7,5.636394642751618,0.530361124695814,0.728139101385139,loading
fast,18.1,11.25599724138415,0.022145204886130834,7,5.650143825578223,0.5292090696362006,0.652661212630079,loading
fast,18.12,11.264803871879145,0.030107374415890224,7,5.662509310355455,0.5281732956898046,0.5888586331117551,loading
fast,18.14,11.273757947639076,0.03682611304521188,7,5.673705086864759,0.5272358195058378,0.5349209348111117,loading
fast,18.16,11.28283544116804,0.0424942420839113,7,5.683911962667935,0.5263814463132144,0.4893184265064576,loading
fast,18.18,11.292061886343653,0.04734107646054389,8,5.693372019632385,0.5255909260700207,0.4631324726318553,loading
fast,18.2,11.301454958818294,0.051531281799610966,8,5.702258761208762,0.524847459471762,0.4282748699058203,loading
fast,18.22,11.310983794138835,0.05514852573092318,9,5.7106404228003385,0.5241472285337143,0.40716520491024255,loading
fast,18.240000000000002,11.320586379022565,0.05820770649993893,9,5.7185008960112285,0.5234900043664177,0.38094840824065557,loading
fast,18.26,11.330229512399026,0.06076728819866639,9,5.725882044398176,0.5228730715561865,0.35890307241359665,loading
fast,18.28,11.339905462600441,0.0629073519184949,9,5.732860083218721,0.5222900231180527,0.34036063535403116,loading
fast,18.3,11.349607738123431,0.06469514365135882,9,5.7394990127130825,0.5217354789146957,0.32475968943046496,loading
fast,18.32,11.359330888859418,0.06618713145084422,9,5.745852575880535,0.5212049210772358,0.31162880736523846,loading
fast,18.34,11.369070339183043,0.06743073287928121,9,5.751965902470815,0.5206945558041327,0.3005721204072387,loading
fast,18.36,11.378822247792591,0.06846576558619856,9,5.757876889482514,0.5202011973104665,0.29125720811151723,loading
fast,18.38,11.388583390014617,0.06932566539354981,9,5.763617360400842,0.5197221703773542,0.28340492909251225,loading
fast,18.400000000000002,11.398351058972324,0.07003850915081222,9,5.769214038636958,0.5192552285203982,0.27678088173566096,loading
fast,18.42,11.4081229825944,0.07062787365085102,9,5.774689364948069,0.5187984852737781,0.2711882334054394,loading
fast,18.44,11.417897253925247,0.07111355688191076,9,5.780062183844528,0.5183503564878666,0.26646169892785565,loading
fast,18.46,11.30695469747188,-0.10687352804796203,9,5.546603820687986,0.5379297784735522,1.7611623706113022,loading
fast,18.48,11.314285657529119,-0.07751604121971217,10,5.579626787544836,0.5351597284142064,1.5435285153131417,loading
fast,18.5,11.322103374206009,-0.052828045819044066,10,5.608223641283967,0.5327591031526728,1.3328791160400755,loading
fast,18.52,11.33026101404731,-0.03215448118229345,10,5.632976025841359,0.5306816953837847,1.1563704467754121,loading
fast,18.54,11.33870217268651,-0.014844112020577022,10,5.654506974322686,0.5288751241534679,1.0084641643004488,loading
fast,18.56,11.347379596759573,-0.00035134755501035257,10,5.673338450824799,0.5272955057950053,0.8845203648615296,loading
fast,18.580000000000002,11.356253699412871,0.011780896316694814,10,5.689907746023122,0.5259060754845539,0.7806518377684313,loading
fast,18.6,11.365291316627918,0.021935554724879153,10,5.7045812130388285,0.5246760324102999,0.6936019624266265,loading
fast,18.62,11.374464665297296,0.03043344240123042,10,5.7176657750498965,0.523579572280235,0.6206424127164212,loading
fast,18.64,11.3837504703233,0.03754333095627179,10,5.72941856611793,0.522595076778188,0.5594874561865026,loading
fast,18.66,11.393129233320053,0.04349039140362531,10,5.740055008063649,0.5217044345076858,0.5082221558794231,loading
fast,18.68,11.402584619948101,0.04846326712352054,10,5.749755577097577,0.5208924720934616,0.46524221911603547,loading
fast,18.7,11.412102946636608,0.052619999438086894,10,5.758671472756392,0.520146477570665,0.42920360437115335,loading
fast,18.72,11.421672750570348,0.05609299192962153,10,5.76692936721482,0.5194558010906609,0.3989803027515393,loading
fast,18.740000000000002,11.431284429434172,0.05899316943871263,10,5.77463538415582,0.5188115204010562,0.37362896849302274,loading
fast,18.76,11.440929939598703,0.06141346238246065,10,5.781878432181831,0.5182061605920893,0.3523592869036918,loading
fast,18.78,11.45060254326691,0.06343172584072189,10,5.788732997474211,0.5176334593062786,0.3345091495532415,loading
fast,18.8,11.460296596638976,0.06511318510314333,10,5.795261483422607,0.5170881700361412,0.3195238562998526,loading
fast,18.82,11.470007372441405,0.06651248449535041,10,5.801516170716033,0.5165658973312826,0.30693869142339736,loading
fast,18.84,11.479730911245813,0.06767540384107658,10,5.807540859463973,0.5160629587385188,0.29636432619994935,loading
fast,18.86,11.489463896906997,0.06864029647685775,10,5.813372244930351,0.5155762691382522,0.2874745893759467,loading
fast,18.88,11.499203552207675,0.06943929398949263,10,5.819041070093327,0.5151032438440379,0.2799962217832075,loading
fast,18.900000000000002,11.508947551431895,0.07009931551897226,10,5.8245730912349085,0.5146417174214919,0.2737002928103749,loading
fast,18.92,11.518693947120966,0.07064291333050209,10,5.829989886890983,0.5141898756765257,0.26839500929298765,loading
fast,18.94,11.528441108711139,0.07108898121643872,10,5.835309535572007,0.5137461986765952,0.26391969114847313,loading
fast,18.96,11.538187671125616,0.07145334798003047,10,5.840547183542828,0.5133094130150979,0.2601397240020731,loading
fast,18.98,11.547932491706021,0.07174927464317844,10,5.845715520496187,0.5128784518195604,0.2569423309122243,loading
fast,19.0,11.557674614130548,0.07198787099636011,10,5.850825178061658,0.5124524212473327,0.2542330296506634,loading
fast,19.02,11.567413238185374,0.07217844457507652,10,5.855885063667772,0.5120305724164493,0.25193266516509993,loading
fast,19.04,11.577149618430091,0.07233166462825556,11,5.860906473843281,0.5116122778898686,0.25380852170364676,binding
fast,19.06,11.586918069704893,0.07250045438173641,11,5.865959489234209,0.5111910141296421,0.25165878991373347,loading
fast,19.080000000000002,11.596681724793626,0.07263211561150944,11,5.870972978008307,0.510773071020423,0.24983025338265463,loading
fast,19.1,11.558752129778206,0.005017057397333113,10,5.784393122286442,0.5180359153423149,0.8241063942211468,loading
fast,19.12,11.567553010306455,0.01607625907027322,10,5.799852764223488,0.5167397175636574,0.7293749873777955,loading
fast,19.14,11.576502443867373,0.02533210461004525,10,5.81358332654373,0.5155888878308008,0.6499805133390879,loading
fast,19.16,11.585640595172897,0.033168762021455696,11,5.825989059607927,0.5145502153994874,0.5916444017763922,loading
fast,19.18,11.59490232312767,0.03974971030240581,11,5.837200871866237,0.5136111038572644,0.534118153408869,loading
fast,19.2,11.604241591956754,0.045242809299415,11,5.847363605277804,0.5127601985065893,0.48598735687654937,loading
fast,19.22,11.613644438835422,0.04982632630478101,11,5.856648545722514,0.511983097227793,0.4457124560310888,loading
fast,19.240000000000002,11.623099189939595,0.053649316931314445,11,5.865198911901107,0.511267757856005,0.4120061731676117,loading
fast,19.26,11.632596085359204,0.056836411868431296,11,5.873134454548069,0.5106041114684705,0.3837921697158464,loading
fast,19.28,11.642126965474944,0.059491819259053905,11,5.880555301996523,0.5099837390403417,0.3601704806222017,loading
fast,19.3,11.65168500872668,0.06170267122915207,11,5.887545175592512,0.5093996010850594,0.3403886132264944,loading
fast,19.32,11.661264512352368,0.06354182204006531,11,5.894174078216233,0.508845811597108,0.32381738152764683,loading
fast,19.34,11.670860709055994,0.06507018772307145,11,5.900500542251047,0.508317449037478,0.3099307007818908,loading
fast,19.36,11.680469613717182,0.06633870233102472,11,5.906573509189647,0.5078103982919442,0.2982886929778772,loading
fast,19.38,11.690087895219634,0.06738995362987735,11,5.912433901239702,0.5073212185267018,0.28852356012265545,loading
fast,19.400000000000002,11.699712769282314,0.0682595507584528,11,5.918115935399609,0.5068470326978205,0.2803277734546583,loading
fast,19.42,11.709341908851805,0.0689772677774346,11,5.92364822220334,0.5063854351661583,0.2734441972407353,loading
fast,19.44,11.718973369178197,0.0695679998313053,11,5.929054684420381,0.5059344144508875,0.2676578310314426,loading
fast,19.46,11.710468667690066,0.045053383863522214,10,5.90028771770857,0.5083487577633898,0.47281086924932936,loading
fast,19.48,11.719723228114802,0.049469721396752236,10,5.90933133545416,0.507591937152754,0.4345812872070809,loading
fast,19.5,11.729033083015295,0.05316043577197878,10,5.917676977279632,0.5068937954930546,0.40252319628564237,loading
fast,19.52,11.738388041408683,0.0562432460354868,10,5.92543726673984,0.5062448640608721,0.3756354703039477,loading
fast,19.54,11.747810058882358,0.058860078581477376,11,5.9327651080226715,0.5056327537525358,0.3581530531011623,loading
fast,19.56,11.757284790702371,0.06107218392691515,11,5.939714579278112,0.5050519822475219,0.3383662483749106,loading
fast,19.580000000000002,11.766781058228847,0.06291246329024155,11,5.946302992404696,0.5045015665623365,0.3217911527340078,loading
fast,19.6,11.722105916344603,-0.01405043342089283,10,5.847002524751405,0.5128310393732438,0.9749972303296772,loading
fast,19.62,11.730525389910554,-5.2393599633678944e-05,10,5.865210301355658,0.5113037483626564,0.8552817075351271,loading
fast,19.64,11.739134801391295,0.01166566778380188,10,5.881233068479453,0.5099601573334438,0.7549564807796116,loading
fast,19.66,11.74790211836239,0.021473619948044302,10,5.895424679129254,0.5087705164097869,0.6708760466960229,loading
fast,19.68,11.756800505711471,0.02968133128782683,10,5.908081584143575,0.5077099017522677,0.6004051707879654,loading
fast,19.7,11.765807482520596,0.03654840281042593,10,5.9194521440707195,0.506757432670011,0.541336110851276,loading
fast,19.72,11.774947053527825,0.04235314866657838,11,5.9298266754304585,0.5058893505635167,0.4988821926588116,loading
fast,19.740000000000002,11.784191433671367,0.047245133421744044,11,5.939340850257434,0.5050929252116452,0.4559527971750299,loading
fast,19.76,11.793491774461756,0.0513261749114986,11,5.948072062142401,0.504362330440095,0.42002742354085854,loading
fast,19.78,11.80283766854581,0.05472916525872666,11,5.956147999531652,0.5036868299045008,0.38995838566080465,loading
fast,19.8,11.812220414940427,0.057565220284577674,11,5.963675427754804,0.5030574465256217,0.36478606226530985,loading
fast,19.82,11.821632739418394,0.05992724787036591,11,5.970743617579583,0.5024666742083628,0.34370807993688857,loading
fast,19.84,11.831068560713042,0.06189293159182862,11,5.977427211948337,0.501908236799778,0.3260535456739433,loading
fast,19.86,11.840522795033635,0.06352722544171698,11,5.983788622958569,0.5013768865453001,0.3112615021709786,loading
fast,19.88,11.849991192613764,0.06488443975607876,11,5.9898800360629725,0.5008682355708174,0.2988629127802511,loading
fast,19.900000000000002,11.8594702010436,0.06600998533127944,11,5.9957450858530965,0.5003786149788596,0.28846559941264616,loading
fast,19.92,11.868956850997215,0.0669418317423192,11,6.001420257240927,0.4999049570339319,0.27974164810906643,loading
fast,19.94,11.878448660685066,0.06771172669452477,11,6.0069360570370325,0.49944469665342306,0.2724168781096381,loading
fast,19.96,11.88794355596334,0.06834621556688183,11,6.012317993548541,0.4989956890407373,0.2662620373889979,loading
fast,19.98,11.897439803534553,0.0688674938884413,11,6.017587395655703,0.4985561408153508,0.26108543991298916,loading
fast,20.0,11.906935955094191,0.06929412012412461,11,6.022762097671247,0.49812455242825415,0.2567268102975362,loading
fast,20.02,11.916430800629726,0.06964161166029531,11,6.027857011975174,0.4976996700134465,0.25305213653226133,loading
fast,20.04,11.925923329372253,0.06992294312943478,11,6.032884607815559,0.49728044512923686,0.24994936640077015,loading
fast,20.06,11.935412697146795,0.0701489630771546,11,6.037855311650555,0.496866001096545,0.24732480909506194,loading
fast,20.080000000000002,11.944898199072732,0.07032874235228656,11,6.042777841888649,0.4964556048531339,0.2451001262553376,loading
fast,20.1,11.95437924673761,0.07046986540818022,11,6.047659488777009,0.49604864341996224,0.24320981655634455,loading
fast,20.12,11.963855349111423,0.0705786738701371,11,6.0525063484258546,0.4956446042238286,0.24159911179744142,loading
fast,20.14,11.973326096588309,0.07066047019073045,11,6.05732351848491,0.49524305864446394,0.24022221847808112,loading
fast,20.16,11.982791147643297,0.070719687933323,11,6.062115261754995,0.49484364825765936,0.23904084690684613,loading
fast,20.18,11.992250217675476,0.07076003415209768,11,6.066885142989827,0.4944460733326578,0.23802298172093117,loading
fast,20.2,12.001703069679436,0.07078460844110625,11,6.071636143280825,0.4940500832144131,0.2371418537823189,loading
fast,20.22,12.011149506445296,0.0707960024754227,11,6.076370755698072,0.4936554682818578,0.23637508036600252,loading
fast,20.240000000000002,12.020589364036859,0.07079638324098421,11,6.081091065259452,0.4932620532239227,0.23570394652416837,loading
fast,20.26,12.030022506338497,0.07078756262607588,11,6.08579881579533,0.4928696914173787,0.23511280387467082,loading
fast,20.28,12.039448820495611,0.07077105560921311,11,6.090495465857018,0.4924782602259462,0.2345885683716631,loading
fast,20.3,12.048868213102175,0.07074812891208677,11,6.095182235463167,0.49208765706973157,0.23412029994496208,loading
fast,20.32,12.058280607013103,0.0707198416800792,11,6.099860145186652,0.49169779613870856,0.23369885115442912,loading
fast,20.34,12.067685938678878,0.07068707949660366,11,6.10453004883605,0.4913086056447814,0.23331657342673395,loading
fast,20.36,12.077084155916971,0.07065058282377874,11,6.109192660782275,0.49092002552411484,0.23296707165343378,loading
fast,20.38,12.086475216048466,0.07061097078264594,11,6.113848578806884,0.4905320055159653,0.23264499846753495,loading
fast,20.400000000000002,11.956054546053075,-0.12794919689166162,10,5.850078076134883,0.512654162130256,1.9280216979566944,loading
fast,20.42,11.962848583264037,-0.09549942412686531,11,5.88592486750518,0.5096460008910004,1.6768781971840951,loading
fast,20.44,11.970196819739279,-0.06818975632615298,11,5.91690865354348,0.507044308421748,1.4403546044547966,loading
fast,20.46,11.977888965885398,-0.045364358256917536,11,5.9435801246858055,0.504805202833303,1.2425586854423187,loading
fast,20.48,11.985867447668348,-0.026288410244367937,11,5.966645313589799,0.5028693192320495,1.077144374393768,loading
fast,20.5,11.994084126352682,-0.010347503448756748,11,5.986694559727592,0.5011870204810711,0.9388055004464491,loading
fast,20.52,12.00249875239076,0.002972091191180606,11,6.004221467386573,0.49971680316656153,0.8231053853116066,loading
fast,20.54,11.85673691560931,-0.18639225796093345,10,5.741976199843753,0.5217046762780373,2.432315180200817,loading
fast,20.56,11.862650680243053,-0.14455087212932333,10,5.786774467992176,0.5179417790183385,2.0758162122369583,loading
fast,20.580000000000002,11.86914569690438,-0.10950617041007112,10,5.825066678042111,0.5147258701006987,1.7771192504945077,loading
fast,20.6,11.876126465419901,-0.08015557592297153,10,5.857907656786972,0.511968265899241,1.5268475778640322,loading
fast,20.62,11.883512978765914,-0.05557537370369316,10,5.886181115679291,0.5095946691587625,1.3171455844407376,loading
fast,20.64,11.891238209742355,-0.03499169541738026,10,5.910627409453811,0.5075428352130731,1.1414320106872822,loading
fast,20.66,11.89924600536284,-0.01775621098173788,10,5.931866791699699,0.5057606167933879,0.9941932203538784,loading
fast,20.68,11.90748932282036,-0.003325763536620355,10,5.950418897873574,0.5042043260112581,0.8708100086707304,loading
fast,20.7,11.915928751617614,0.00875469193622446,10,5.96671906774502,0.5028373620634228,0.7674125060930237,loading
fast,20.72,11.924531275439932,0.018866382267096825,10,5.98113201998706,0.5016290615527466,0.6807586200174853,loading
fast,20.740000000000002,11.933269234879276,0.027328691011250173,10,5.99396330845091,0.5005537353120579,0.6081321956052932,loading
fast,20.76,11.942119458426909,0.03440919077092019,10,6.005468919984361,0.4995898614760672,0.5472576971676801,loading
fast,20.78,11.951062534437966,0.04033204805686739,10,6.0158633152758565,0.49871940945455784,0.49622873055099603,loading
fast,20.8,11.960082201199135,0.04528506469891155,10,6.0253261652985,0.4979272735717811,0.45344815987391485,loading
fast,20.82,11.969164835940653,0.04942557698677785,10,6.034007994957099,0.49720079858186217,0.41757793944441346,loading
fast,20.84,11.978299026741581,0.05288539784217143,10,6.042034911212953,0.4965293821558926,0.3874970836648117,loading
fast,20.86,11.987475213881446,0.05577495726330853,10,6.049512564204052,0.4959041418542488,0.36226645503845134,loading
fast,20.88,11.996685389372317,0.05818677109937519,10,6.0565294657855215,0.4953176361232553,0.34109926458469886,loading
fast,20.900000000000002,12.005922845233375,0.060198347114469315,10,6.063159769731149,0.49476363055220274,0.32333635758163837,loading
fast,20.92,12.015181962600813,0.061874619624896994,10,6.0694656009253,0.4942369020485905,0.3084255083862786,loading
fast,20.94,12.02445803504866,0.06326998918540452,10,6.075499006709736,0.49373307478040196,0.29590407455870604,loading
fast,20.96,12.033747120570808,0.06443003139401976,10,6.081303591679413,0.493248482732051,0.28538446402492923,loading
fast,20.98,12.043045917574794,0.06539292849167519,10,6.086915887279064,0.49278005455680374,0.2765419607086983,loading
fast,21.0,12.052351660992066,0.06619066872524057,10,6.092366499221283,0.49232521710859956,0.26910452447737043,loading
fast,21.02,12.061662035241419,0.06685005114788242,10,6.0976810687686065,0.49188181462311276,0.26284424595957034,loading
fast,21.04,12.070975101311653,0.06739352741893188,10,6.102881078074743,0.4914480410094074,0.25757018763172823,loading
fast,21.06,12.080289235673021,0.06783990704558439,10,6.1079845248821005,0.4910223831253444,0.25312238623342864,loading
fast,21.080000000000002,12.089603079098541,0.06820494821905573,10,6.113006487768319,0.4906035732549635,0.24936682788023745,loading
fast,21.1,12.098915493787636,0.06850185280428901,10,6.117959599698116,0.4901905492950518,0.24619123873748094,loading
fast,21.12,12.10822552744522,0.06874168103159116,10,6.1228544447541875,0.489782421400326,0.24350155809926832,loading
fast,21.14,12.117532383187942,0.06893369891626051,10,6.127699890510231,0.4893784440394856,0.24121898405837783,loading
fast,21.16,12.126835394332332,0.06908566931925504,10,6.132503366485432,0.48897799258438013,0.23927749799312892,loading
fast,21.18,12.136134003272794,0.06920409579144089,10,6.137271097427851,0.48858054369692094,0.23762179090169866,loading
fast,21.2,12.145427743786094,0.06929442686105558,10,6.142008298754119,0.4881856588976672,0.2362055261251328,loading
fast,21.22,12.154716226206425,0.06936122718127509,10,6.146719340284493,0.4877929707999408,0.23498988378278796,loading
fast,21.240000000000002,12.163999125005404,0.06940832091394772,10,6.151407883416647,0.48740217157706656,0.23394234144547,loading
fast,21.26,12.173276168386863,0.06943891185336727,10,6.15607699604683,0.4870130033004666,0.23303565242827062,loading
fast,21.28,12.182547129569603,0.06945568406340562,10,6.16072924884819,0.4866252498451549,0.23224699004842364,loading
fast,21.3,12.19181181948424,0.06946088618899919,10,6.165366795931147,0.486238730108298,0.23155723072321166,loading
fast,21.32,12.20107008065483,0.06945640209062245,10,6.169991442418047,0.48585329232790186,0.23095035286857524,loading
fast,21.34,12.210321782072988,0.06944381002023324,10,6.174604701056735,0.4854688093231183,0.23041293415460018,loading
fast,21.36,12.219566814903558,0.06942443219759749,10,6.1792078396493775,0.4850851745066781,0.22993372951418678,loading
fast,21.38,12.228805088886915,0.06939937634430568,10,6.183801920787767,0.4847022985441968,0.22950331812765512,loading
fast,21.400000000000002,12.238036529324894,0.06936957048002348,10,6.188387835142445,0.48432010655540647,0.22911380732182351,loading
fast,21.42,12.247261074555631,0.06933579207402996,10,6.192966329351842,0.4839385357694149,0.22875858482152012,loading
fast,21.44,12.25647867383811,0.06929869246779062,10,6.197538029386861,0.4835575335603468,0.22843211102241412,loading
fast,21.46,12.265689285579825,0.06925881733563263,10,6.202103460125562,0.4831770558016122,0.2281297449080455,loading
fast,21.48,12.274892875851975,0.06921662382623552,10,6.206663061752225,0.4827970654871714,0.22784759828198275,loading
fast,21.5,12.28408941714553,0.06917249492342818,10,6.211217203496192,0.4824175315764617,0.22758241373210808,loading
fast,21.52,12.29327888732908,0.06912675147733657,10,6.215766195141855,0.4820384280267004,0.22733146225917267,loading
fast,21.54,12.302487673217925,0.06911644764105447,11,6.220360284250058,0.4816558328159668,0.2302780416592043,loading
fast,21.56,12.311698657247028,0.06911012354222919,11,6.2249594521657485,0.48127251907300117,0.22968104176257498,loading
fast,21.580000000000002,12.320903003201003,0.06909591883866192,11,6.229547420439159,0.48089014434788957,0.2291526138336053,loading
fast,21.6,12.330100615055748,0.06907513190571588,11,6.2341254394336225,0.4805086035092362,0.22868154445632172,loading
fast,21.62,12.339291413454617,0.06904884835564917,11,6.23869455508294,0.48012780861454785,0.22825845751484053,loading
fast,21.64,12.348475332976466,0.06901797590189368,11,6.243255642390142,0.4797476860936175,0.22787551355207825,loading
fast,21.66,12.357652319851418,0.068983273510421,11,6.247809433436153,0.47936817439343826,0.2275261574116172,loading
fast,21.68,12.366822330050876,0.06894537577411133,11,6.252356540799562,0.4789892220090599,0.22720490828120887,loading
fast,21.7,12.37598532769055,0.06890481329312056,11,6.256897477138407,0.4786107858370797,0.22690718336448867,loading
fast,21.72,12.385141283695162,0.0688620297155888,11,6.261432671563163,0.4782328297989701,0.22662915080395862,loading
fast,21.740000000000002,12.394290174681949,0.0688173959859619,11,6.265962483326923,0.4778553236899795,0.22636760667715805,loading
fast,21.76,12.403431982027143,0.06877122225858462,11,6.27048721327216,0.47747824221665347,0.22611987200171768,loading
fast,21.78,12.372672957901177,0.011509574088871816,10,6.197846053039438,0.4835721743455471,0.7121451860037098,loading
fast,21.8,12.380993503464907,0.020738234273188813,10,6.211234986005632,0.48244983665669317,0.6330258859499338,loading
fast,21.82,12.389437328066897,0.028461101642213823,10,6.223179765675642,0.4814489122684066,0.5667128965214374,loading
fast,21.84,12.397983277677092,0.03492245531333651,10,6.233914094151867,0.48054975288555735,0.5111287785553031,loading
fast,21.86,12.406613630814832,0.04032694702171818,10,6.24363376242912,0.4797358975557767,0.4645330984409668,loading
fast,21.88,12.415313541714088,0.04484602954211133,10,6.252502800399132,0.4789935556133088,0.4254677588377831,loading
fast,21.900000000000002,12.362258253056137,-0.037422230243821276,10,6.143706896284252,0.488118533646526,1.129300042563841,loading
fast,21.92,12.36990150323193,-0.020241784422221652,10,6.164708967193745,0.4863561323214728,0.9825550514186432,loading
fast,21.94,12.377779761021529,-0.005857094673538172,10,6.183032785837193,0.48481890007109574,0.8595866903426952,loading
fast,21.96,12.38585374613763,0.0061853781776392185,10,6.199112251246449,0.48347035722081444,0.7565378962226532,loading
fast,21.98,12.394090551315987,0.01626559939941809,10,6.213310875057415,0.48227994185397816,0.6701773051531745,loading
fast,22.0,12.402462608471929,0.024701895637834603,10,6.2259331998737775,0.48122204982306627,0.5977977505722265,loading
fast,22.02,12.410946822568839,0.03176095403975438,10,6.237234365324179,0.4802752304919239,0.5371312272650641,loading
fast,22.04,12.419523845991883,0.03766619930087442,10,6.247428122296791,0.4794215129460597,0.48627764950737173,loading
fast,22.06,12.42817747063416,0.04260481177467036,10,6.25669354709173,0.4786458415062609,0.4436451668610175,loading
fast,22.080000000000002,12.436916430615724,0.046765926620964876,11,6.265224141928828,0.47793248113346165,0.4139155303679587,loading
fast,22.1,12.445745975365107,0.0502936103504896,11,6.2731665980330416,0.477268017284901,0.3828054518528745,loading
fast,22.12,12.454614334154194,0.053234416375890284,11,6.28054158345298,0.4766512650694521,0.3567642864048537,loading
fast,22.14,12.463513976405562,0.0556845200399221,11,6.28744150824272,0.476074454433288,0.33496144217615154,loading
fast,22.16,12.472438606457743,0.05772433695926528,11,6.293943640188147,0.47553108852029047,0.3167024316326206,loading
fast,22.18,12.481382961205632,0.059421105483507895,11,6.300112586086287,0.47501573504023875,0.30140656915200736,loading
fast,22.2,12.49034264090049,0.06083104598092214,11,6.306002366431171,0.47452385182430756,0.2885883228618269,loading
fast,22.22,12.499313967675796,0.06200116629403702,11,6.3116581501319455,0.4740516409658553,0.2778417222089047,loading
fast,22.240000000000002,12.508293867255666,0.06297077134516915,11,6.317117704973057,0.4735959268623139,0.2688273208235614,loading
fast,22.26,12.51727977004709,0.06377272537133907,11,6.3224126103949025,0.47315405424170087,0.2612612953125648,loading
fast,22.28,12.526269528439613,0.064434507323639,11,6.3275692715434335,0.47272380289898,0.2549063311931832,loading
fast,22.3,12.535261347656665,0.06497909332423937,11,6.332609767152574,0.472303316404048,0.24956400114994892,loading
fast,22.32,12.544253727937928,0.06542569452003291,11,6.3375525584889925,0.4718910424920012,0.24506839300642014,loading
fast,22.34,12.55324541619591,0.06579037402825573,11,6.342413082126196,0.47148568322130135,0.24128078181284707,loading
fast,22.36,12.562235365594319,0.06608656278667328,11,6.34720424558386,0.4710861532992272,0.23808517458689948,loading
fast,22.38,12.571222701750116,0.06632549087428899,11,6.35193684174936,0.4706915452363414,0.2353845854567993,loading
fast,22.400000000000002,12.580206694473809,0.06651654815381718,11,6.356619895390734,0.47030110021086824,0.23309792115355776,loading
fast,22.42,12.589186734140572,0.06666758581780664,11,6.361260952888053,0.46991418370737836,0.23115737659296087,loading
fast,22.44,12.598162311933226,0.0667851685219426,11,6.36586632448857,0.46953026514742413,0.22950625765894017,loading
fast,22.46,12.607133003322755,0.0668747852027573,11,6.370441286864155,0.46914890085800043,0.2280971601607007,loading
fast,22.48,12.616098454255749,0.06694102534976705,11,6.37499025247762,0.46876971983085725,0.2268904479070244,loading
fast,22.5,12.62505836960522,0.06698772639284255,11,6.379516911195452,0.4683924118153491,0.22585297964106132,loading
fast,22.52,12.634036076466131,0.06705077721772724,12,6.384068815450805,0.4680132320971855,0.22760061703053225,loading
fast,22.54,12.643014008942053,0.06710207626694882,12,6.388609080737995,0.46763478561232263,0.2265080858663282,loading
fast,22.56,12.651986075095152,0.06713609608164774,12,6.393129133629268,0.46725803613455996,0.22556724398725692,loading
fast,22.580000000000002,12.660952076083127,0.06715569935887965,12,6.397631737400504,0.4668827513036704,0.22475304454872003,loading
fast,22.6,12.669911846849992,0.06716327567220864,12,6.402119199097223,0.4665087371235779,0.22404458015756745,loading
fast,22.62,12.678865250541502,0.06716081966483738,12,6.406593444935604,0.46613583162192684,0.22342439872602426,loading
fast,22.64,12.687812173843504,0.06714999631975888,12,6.4110560832415135,0.46576389955759234,0.22287793262165678,loading
fast,22.66,12.696752523090744,0.06713219544271859,12,6.415508456988109,0.46539282800278636,0.22239302154503093,loading
fast,22.68,12.705686221018787,0.06710857714076539,12,6.419951687650164,0.46502252265541033,0.221959515087633,loading
fast,22.7,12.714613204052668,0.0670801097845361,12,6.424386711810884,0.4646529047607868,0.22156894032576702,loading
fast,22.72,12.723533420043765,0.06704760169658322,12,6.428814311718478,0.46428390854217705,0.22121422460230633,loading
fast,22.740000000000002,12.732446826380617,0.06701172760250365,12,6.433235140792812,0.46391547905594566,0.22088946415976807,loading
fast,22.76,12.74135338841198,0.06697305071051145,12,6.4376497449165,0.4635475704012131,0.22058973105743007,loading
fast,22.78,12.750253078130537,0.06693204114193048,12,6.442058580207183,0.463180144225364,0.22031091155128024,loading
fast,22.8,12.759145873074118,0.06688909131567683,12,6.446462027852741,0.4628131684766008,0.22004957195065344,loading
fast,22.82,12.76803175540853,0.0668445287901243,12,6.450860406494394,0.4624466163626324,0.21980284598299704,loading
fast,22.84,12.776910711161975,0.06679862698262547,12,6.455253982563606,0.4620804654814443,0.21956834093828093,loading
fast,22.86,12.785782729585975,0.06675161411738911,12,6.459642978910383,0.4617146970957795,0.21934405973667026,loading
fast,22.88,12.794647802621945,0.06670368069457443,12,6.464027582005551,0.4613492955274716,0.21912833521042785,loading
fast,22.900000000000002,12.803505924455905,0.06665498572493467,12,6.4684079479529135,0.4609842476519028,0.21891977574739485,loading
fast,22.92,12.812357091146794,0.06660566193409272,12,6.4727842075075035,0.46061954247601067,0.21871721963151458,loading
fast,22.94,12.821201300316215,0.06655582010666757,12,6.47715647026479,0.46025517078604183,0.21851969729169696,loading
fast,22.96,12.83003855088944,0.06650555271248106,12,6.481524828157228,0.4598911248535047,0.21832639928476283,loading
fast,22.98,12.838868842879258,0.06645493693345797,12,6.485889358373081,0.45952739818972477,0.21813664977798908,loading
fast,23.0,12.847692177205488,0.06640403719023648,12,6.49025012579297,0.45916398534099523,0.21794988491308231,loading
fast,23.02,12.856508555544387,0.06635290725124993,12,6.494607185023456,0.4588008817175262,0.217765633770739,loading
fast,23.04,12.865317980202892,0.06630159199321704,12,6.4989605820946625,0.4584380834507251,0.2175835033639828,loading
fast,23.06,12.874120454013692,0.06625012887068812,12,6.503310355877554,0.458075587274005,0.21740316561391637,loading
fast,23.080000000000002,12.882915980247596,0.06619854914268808,12,6.507656539266522,0.45771339042333503,0.21722434654236622,loading
fast,23.1,12.89170456254043,0.0661468788966838,12,6.511999160166903,0.4573514905542191,0.21704681753220711,loading
fast,23.12,12.90048620483197,0.0660951399032606,12,6.516338242319259,0.45698988567237864,0.2168703878027145,loading
fast,23.14,12.909260911315027,0.06604335032960558,12,6.520673805987103,0.4566285740759022,0.21669489792941476,loading
fast,23.16,12.787126736412887,-0.10071341740323263,11,6.292849950803227,0.4757344725112077,1.6636209377196565,loading
fast,23.18,12.793821517608567,-0.07334696976275638,11,6.32356378904154,0.4731552386546284,1.4266528970807713,loading
fast,23.2,12.800861399567268,-0.05047346773286242,11,6.34995723205075,0.4709392712808369,1.2284874207928453,loading
fast,23.22,12.808188696490095,-0.03135667046549577,11,6.372737677779579,0.4690270906991705,1.0627661696247515,loading
fast,23.240000000000002,12.815755176125386,-0.015380980826980537,11,6.392496607235698,0.46736896378954407,0.9241727102260455,loading
fast,23.26,12.823520510667556,-0.00203167618096582,11,6.409728579152786,0.4659233068859162,0.8082617837796846,loading
fast,23.28,12.831450981498644,0.00912162135670497,11,6.424847112106027,0.46465535037044214,0.7113165513334962,loading
fast,23.3,12.83951839617663,0.018438766025241877,11,6.438197964113565,0.4635360220931767,0.6302292316853197,loading
fast,23.32,12.8476991828909,0.026220644737924622,11,6.45007023618334,0.4625410137595999,0.5624012985379068,loading
fast,23.34,12.855973633304238,0.03271883973111193,11,6.460705656383249,0.461650000304045,0.5056600317896454,loading
fast,23.36,12.864325269466214,0.03814370784858077,11,6.4703063425816865,0.46084598718008196,0.458188742669563,loading
fast,23.38,12.872740314466817,0.04267113591814526,11,6.479041293151557,0.46011476460682366,0.418468433441177,loading
fast,23.400000000000002,12.881207249831284,0.04644818916228425,11,6.4870518140779385,0.4594444512448237,0.38522901582283,loading
fast,23.42,12.864592384073468,0.016309424518359553,10,6.448605616555078,0.46266928392439544,0.6370236478225877,loading
fast,23.44,12.872634878163524,0.02428957724579493,10,6.460607016327543,0.46166346105757494,0.5685490184426101,loading
fast,23.46,12.880783378571344,0.03096684075033601,10,6.471358530035992,0.46076271875636043,0.511155112317141,loading
fast,23.48,12.88901958220837,0.03655257849191997,10,6.481062369596135,0.4599500562350748,0.4630444170317105,loading
fast,23.5,12.897328156012435,0.04122386618282484,10,6.489887944189018,0.45921123056887847,0.4227110155596847,loading
fast,23.52,12.905696255144292,0.045129054004786964,10,6.49797718157695,0.4585343093088863,0.3888932835849346,loading
fast,23.54,12.914113119343192,0.04839242651383347,10,6.505448986185453,0.4579092956728177,0.3605342592649663,loading
fast,23.56,12.922569734762277,0.051118106607288244,10,6.512402973988415,0.45732781453789517,0.33674844315711994,loading
fast,23.580000000000002,12.93105855066165,0.05339332618257199,10,6.51892260151341,0.4567828493724594,0.3167939829218369,loading
fast,23.6,12.939573242060007,0.05529116622419254,10,6.525077787254222,0.4562685218430532,0.3000493708604779,loading
fast,23.62,12.948108510889277,0.05687285238905239,10,6.530927107833676,0.4557799071739561,0.28599392114969646,loading
fast,23.64,12.956659919406299,0.0581896781979781,10,6.536519637901129,0.45531287945946364,0.2741914146930924,loading
fast,23.66,12.965223750628802,0.059284616243901626,10,6.54189649155834,0.4548639820698407,0.26427639642889744,loading
fast,23.68,12.973796891411666,0.06019366802704367,10,6.547092113732877,0.45443031908025855,0.2559426959791722,loading
fast,23.7,12.982376734490707,0.06094699481746176,10,6.552135362062831,0.45400946431232414,0.24893381072033094,loading
fast,23.72,12.99096109641716,0.061569865067253364,10,6.557050413275881,0.4535993851310067,0.24303484796206476,loading
fast,23.740000000000002,12.99954814880494,0.06208344813185092,10,6.561857522534321,0.4531983786034258,0.23806577543084018,loading
fast,23.76,13.00813636073108,0.06250547923248939,10,6.566573659598042,0.4528050180139971,0.23387576600697457,loading
fast,23.78,13.016724450480094,0.06285081654738948,10,6.571213041787413,0.4524181080560403,0.2303384598967284,loading
fast,23.8,13.025311345116414,0.06313190793054772,10,6.575787580488747,0.4520366472922447,0.22734799568269182,loading
fast,23.82,13.033896146615113,0.06335918191871774,10,6.580307255226309,0.45165979670488365,0.22481568491272697,loading
fast,23.84,13.042478103486918,0.06354137530850089,10,6.58478042705195,0.451286853347853,0.22266722618624613,loading
fast,23.86,13.05105658700625,0.06368580759330608,10,6.58921410109642,0.45091722827293224,0.22084037160752246,loading
fast,23.88,13.059631071295655,0.06379861088075144,10,6.593614146528587,0.45055042803687806,0.21928297112339123,loading
fast,23.900000000000002,13.0682011166409,0.06388492251239179,10,6.597985480832861,0.4501860392084692,0.21795133449131754,loading
fast,23.92,13.076766355512788,0.0639490464364001,10,6.602332224192796,0.44982371538885246,0.21680885902597424,loading
fast,23.94,13.085326480856473,0.06399458840205584,10,6.6066578288302615,0.44946316633745254,0.2158248796924056,loading
fast,23.96,13.09388123628056,0.06402456922276188,10,6.610965187363046,0.4491041488619233,0.21497370612522104,loading
fast,23.98,13.102430407837744,0.06404151966539945,10,6.615256723584281,0.4487464591859146,0.21423381525664809,loading
fast,24.0,13.059999126833702,-0.006914336470999667,9,6.523085226945849,0.45647673747248996,0.8060766157278465,loading
fast,24.02,13.067438339414643,0.004456972429148647,9,6.538176142136475,0.4552112013689581,0.7105585639717305,loading
fast,24.04,13.07504776371852,0.01399772185485205,9,6.551521603714129,0.4540923933157027,0.63032350256087,loading
fast,24.060000000000002,13.082799055547902,0.02200131319061924,9,6.563400840964599,0.4530968400823058,0.5629219522678142,loading
fast,24.080000000000002,13.090668414435711,0.02871412255427067,9,6.574048329772131,0.45220483060457173,0.5062970269911204,loading
fast,24.1,13.09863585539263,0.03434303782836849,9,6.583660965524702,0.4513998129988316,0.4587215106806042,loading
fast,24.12,13.106684597376187,0.039061787684984084,9,6.592404086373099,0.45066788822047543,0.41874501880379,loading
fast,24.14,13.114800549773648,0.04301625621823147,9,6.600416531105084,0.44999738487698815,0.3851496289417611,loading
fast,24.16,13.122971881189478,0.04632894576768092,9,6.607814886362439,0.4493785021883555,0.3569126227045416,loading
fast,24.18,13.053387301154835,-0.06586393832992976,8,6.460829712247493,0.4617033659768578,1.2701039697873284,loading
fast,24.2,13.059650775432527,-0.04540099574257479,8,6.484424391973695,0.4597231777570552,1.1025250583571733,loading
fast,24.22,13.06626072497048,-0.028177684793758918,8,6.504952677691497,0.4580007257966131,0.9613872508538179,loading
fast,24.240000000000002,13.07316139322895,-0.01368234571642197,8,6.522898350898052,0.4564953469727425,0.8425145709622939,loading
fast,24.26,13.080305830423335,-0.0014841281276010616,8,6.538668787084083,0.4551728002911998,0.7423905784804674,loading
fast,24.28,13.08765450262186,0.008779771663868152,8,6.552607022974803,0.454004252602505,0.6580542048624238,loading
fast,24.3,13.095271824704874,0.017551518234174193,9,6.565187430586631,0.4529509847503045,0.5992475902854011,loading
fast,24.32,13.103063965754217,0.024966226872509326,9,6.576498209749619,0.4520032128092023,0.5367634600474958,loading
fast,24.34,13.111055186768962,0.03130751837669761,10,6.5868351117611965,0.4511380917172797,0.4922123685524582,loading
fast,24.36,13.119134562814708,0.03661819928276803,10,6.5961854806901385,0.4503550810627811,0.44645344351224026,loading
fast,24.38,13.127282570766823,0.041059222738307394,10,6.604700508121756,0.44964229856233917,0.40809086982562803,loading
fast,24.400000000000002,13.135486995101822,0.04477167245750065,10,6.612515170008418,0.44898839623427345,0.3759248196999465,loading
fast,24.42,13.143737602768077,0.0478737453077222,10,6.619742546691786,0.44838386695097443,0.3489501034792397,loading
fast,24.44,13.152025821585134,0.05046446405303164,10,6.626477374845635,0.44782074581244335,0.3263245949547411,loading
fast,24.46,13.160344470813719,0.052626787810071136,10,6.632799023216936,0.4472923599635168,0.30734277913779806,loading
fast,24.48,13.168687535433072,0.054430217920448866,10,6.638773985637002,0.4467931189961606,0.2914135909293236,loading
fast,24.5,13.17704997703543,0.05593298109407862,10,6.6444579696118,0.44631833935307286,0.278041848673638,loading
fast,24.52,13.185427575397568,0.05718385839928056,10,6.649897646098065,0.4458640972168283,0.26681270000494806,loading
fast,24.54,13.193816795752795,0.05822371755090032,10,6.655132115427303,0.4454271052636095,0.25737859061791823,loading
fast,24.560000000000002,13.202214677594366,0.059086796628073,10,6.6601941354252645,0.44500460941013953,0.2494483469384079,loading
fast,24.580000000000002,13.210618741517408,0.05980177954511016,10,6.665111150303847,0.444594302310532,0.24277803023053934,loading
fast,24.6,13.219026911173067,0.060392697057637744,10,6.669906152644206,0.4441942508857878,0.2371632736597462,loading
fast,24.62,13.227437447883425,0.060879681605940934,10,6.674598405547677,0.4438028356096385,0.23243286333851643,loading
fast,24.64,13.23584889586327,0.06127959970640867,10,6.679204047638084,0.44341869964347946,0.22844335983762676,loading
fast,24.66,13.244260036328107,0.061606581755261416,10,6.6837365999193175,0.4430407062227868,0.22507459275900032,loading
fast,24.68,13.252669849046832,0.06187246588668477,10,6.688207390410131,0.44266790295632197,0.22222588599518645,loading
fast,24.7,13.261077480131384,0.06208716982748781,10,6.692625909893209,0.44229949191682305,0.2198128950858802,loading
fast,24.72,13.269482215051667,0.06225900242889884,10,6.69700010995475,0.44193480458362144,0.2177649582080221,loading
fast,24.740000000000002,13.277883456027986,0.06239492466111592,10,6.701336652675135,0.4415732808501044,0.2160228763870009,loading
fast,24.76,13.286280703090931,0.06250076826887815,10,6.705641119814377,0.4412144514366343,0.2145370539885505,loading
fast,24.78,13.294673538213782,0.06258141895634212,10,6.709918188063263,0.44085792315646144,0.2132659408005111,loading
fast,24.8,13.303079685292474,0.06266664374553141,11,6.714206486391799,0.440500728355417,0.21522665680251407,loading
fast,24.82,13.210709408220232,-0.07077912920655775,10,6.534575574903558,0.455564874385347,1.35406752772127,loading
fast,24.84,13.217290559245168,-0.0489944446748868,10,6.559650834947687,0.45345978147269494,1.1682126200263099,loading
fast,24.86,13.22417188103153,-0.030751790699047047,10,6.581334149816717,0.4516398609233664,1.0124808971134769,loading
fast,24.88,13.23132413101554,-0.015446238214875868,11,6.600215827292894,0.45005662575171657,0.8953363134924786,loading
fast,24.900000000000002,13.238792791115593,-0.0024885577485450534,11,6.61690783780929,0.4486562494075619,0.7828307000323775,loading
fast,24.92,13.24642179198002,0.008337605821235813,11,6.6315485018112525,0.44742835266660064,0.6887338104597518,loading
fast,24.94,13.25418376905668,0.017381538830271666,11,6.644473423358608,0.4463447171476641,0.6100291305770611,loading
fast,24.96,13.262055842729971,0.02493529199240721,11,6.6559632133573885,0.44538174842399847,0.5441944453696834,loading
fast,24.98,13.270018883398425,0.03124305928385782,11,6.666252500983097,0.44451971832152404,0.4891208413848602,loading
fast,25.0,13.278056896980026,0.03650901996167213,11,6.675537468451719,0.44374213137743845,0.4430449809795789,loading
fast,25.02,13.286156511111304,0.04090389555408113,11,6.683982151109712,0.44303519511375866,0.4044924748161094,loading
fast,25.04,13.294306545540152,0.04457043239315222,11,6.691723705163254,0.44238737711421783,0.3722305338680343,loading
fast,25.060000000000002,13.302497652916045,0.04762798575526241,11,6.698876812213294,0.4417890346804797,0.34522837905015535,loading
fast,25.080000000000002,13.310722018441908,0.05017635282376797,11,6.705537362044742,0.44123210517456235,0.3226241394909124,loading
fast,25.1,13.318973108742426,0.052298977565408265,11,6.711785531936648,0.4407098471031382,0.3036971743064498,loading
fast,25.12,13.32724546188387,0.054065630441295975,11,6.717688361383226,0.44021662362889147,0.28784492992350863,loading
fast,25.14,13.335534511802202,0.055534649008495376,11,6.72330190490961,0.4397477215566995,0.2745635900041066,loading
fast,25.16,13.343836441501253,0.056754811366766876,11,6.728673032117413,0.43929919998152744,0.2634318957426274,loading
fast,25.18,13.352148060306405,0.05776690261379816,11,6.733840932767015,0.43886776373754344,0.25409761753536486,loading
fast,25.2,13.360466701232106,0.05860502461424573,11,6.738838375230317,0.4384506575844639,0.24626624388446317,loading
fast,25.22,13.36879013516716,0.05929769114406755,11,6.743692758727665,0.4380455777329527,0.2396915230971075,loading
fast,25.240000000000002,13.377116499122014,0.0598687435796675,11,6.748426993140681,0.4376505978678916,0.2341675553800826,loading
fast,25.26,13.374072831492349,0.04435023000242208,10,6.7313866457485965,0.4390813535851201,0.3628887700379835,loading
fast,25.28,13.382150114362911,0.04729300682720792,10,6.738368064008682,0.4384974348161622,0.33728180262926344,loading
fast,25.3,13.390262901307878,0.04975044940499333,10,6.74488190005891,0.4379528252242778,0.31580275024367666,loading
fast,25.32,13.398404377109948,0.05180129572639897,10,6.751003484281391,0.4374411914762252,0.29778199609253875,loading
fast,25.34,13.40656883295615,0.05351151076544834,10,6.7567959272435445,0.4369572276088215,0.28265854940201507,loading
fast,25.36,13.414751486954387,0.05493635854017547,10,6.762312102017372,0.43649648836726096,0.2699624245039445,loading
fast,25.38,13.42294833376608,0.05612213804004908,10,6.767596304923085,0.43605524957953445,0.25929987749861994,loading
fast,25.400000000000002,13.431156018631704,0.057107637548283956,10,6.7726856468641365,0.43563039118118463,0.25034103835253063,loading
fast,25.42,13.439371731832068,0.05792535304146118,10,6.777611218957478,0.43521929921595426,0.2428095489293014,loading
fast,25.44,13.447593120270316,0.0586025089383029,10,6.7823990690734774,0.43481978373409425,0.23647388260883417,loading
fast,25.46,13.455818213397198,0.059161913260829736,10,6.787071019959406,0.43443001000931236,0.23114007115410118,loading
fast,25.48,13.464045361152884,0.05962267406974964,10,6.79164535464621,0.43404844091385153,0.22664561242891068,loading
fast,25.5,13.472273181976036,0.06000079967863236,10,6.796137390666626,0.4336737886415598,0.2228543653437498,loading
fast,25.52,13.480500519246803,0.06030970150009171,10,6.800559961123465,0.4333049742625569,0.21965227414710853,loading
fast,25.54,13.485710857691494,0.05636192935927768,9,6.799217358205054,0.4334192429556073,0.2482736723408152,loading
fast,25.560000000000002,13.493832142054558,0.05718647579990278,9,6.804102546827194,0.43301152350977146,0.24082894445065506,loading
fast,25.580000000000002,13.501960539099379,0.05787117399872993,9,6.808851443548448,0.43261525905310616,0.2345521857218813,loading
fast,25.6,13.51009388749317,0.05843844430544006,9,6.8134853880520385,0.4322286556805083,0.22925621813740804,loading
fast,25.62,13.518230373110427,0.05890711361638978,9,6.818022300171645,0.43185020697435916,0.2247838639544142,loading
fast,25.64,13.526368473383204,0.0592929913196472,9,6.822477228011262,0.4314786479271494,0.22100313705486485,loading
fast,25.66,13.534506910570762,0.05960935292978846,9,6.826862808215198,0.4311129162492201,0.21780320583886237,loading
fast,25.68,13.542644612519013,0.0598673462075986,9,6.831189652467128,0.43075211987792217,0.21509100219319066,loading
fast,25.7,13.550780679709185,0.06007633218831614,9,6.835466672042912,0.43039550969430607,0.21278837458460487,loading
fast,25.72,13.558914357587888,0.0602441715512435,9,6.8397013503452175,0.43004245661267626,0.21082969733221546,loading
fast,25.740000000000002,13.567045013332049,0.06037746509119628,9,6.843899971757233,0.4296924323421444,0.20915986296543565,loading
fast,25.76,13.575172116337747,0.060481755647918876,9,6.848067813816806,0.4293449932316359,0.2077325964364718,loading
fast,25.78,13.583295221836302,0.060561697671140044,9,6.852209308589339,0.42899976670417483,0.20650903943675303,loading
fast,25.8,13.59144665460282,0.06066631172735704,10,6.856389639028775,0.42865160404481173,0.20888756651515905,loading
fast,25.82,13.59959967266014,0.06075346303138166,10,6.860553299361429,0.42830452320645884,0.20757783893543547,loading
fast,25.84,13.607748188642212,0.06081868834151742,10,6.864692782662649,0.42795947269678447,0.20645502406324567,loading
fast,25.86,13.615891898942238,0.06086555063927369,10,6.8688115001104055,0.42761616572584726,0.2054888205726968,loading
fast,25.88,13.624030550016052,0.06089703490837247,10,6.872912309916428,0.4272743619938596,0.20465384274359621,loading
fast,25.900000000000002,13.524616072211309,-0.0996022182276399,9,6.66270581787804,0.4269338601495156,-214.08786032777272,rupture
fast,25.92,13.530305591535782,-0.07380268866104948,9,6.691350107106864,0.4424985552975157,1.3327706770525083,loading
fast,25.94,13.536389009180965,-0.052145885520984696,9,6.7160486190695,0.44042523243793064,1.1514083246684237,loading
fast,25.96,13.542802173594414,-0.03396782232789632,9,6.737433264469313,0.4386304853672224,0.9990888759823235,loading
fast,25.98,13.549491215986606,-0.018710933843142742,9,6.756034674150159,0.43706970694283254,0.8711574641502295,loading
fast,26.0,13.556410902248007,-0.0059070192759212705,9,6.772298431848107,0.43570543945320994,0.7637052866265037,loading
fast,26.02,13.563523249014722,0.004837080711780197,9,6.786598705219134,0.43450622873415334,0.6734500289748979,loading
fast,26.04,13.57079636154581,0.013851511364784823,9,6.799249692137712,0.4334456619429964,0.5976354536691986,loading
fast,26.060000000000002,13.578203457861292,0.021413503494769184,9,6.810515232425415,0.4325015595547518,0.5339470824363701,loading
fast,26.080000000000002,13.585722049287543,0.027755854405030495,9,6.820616879048806,0.43165529686200055,0.48044139281344656,loading
fast,26.1,13.593333252341814,0.033074049524772595,9,6.829740675695687,0.43089123422225895,0.43548636279489017,loading
fast,26.12,13.60102121090533,0.03753224261494966,9,6.8380428480676,0.43019623862307477,0.39771154449752544,loading
fast,26.14,13.608772611008185,0.04126827748922801,9,6.845654582993321,0.42955928192892456,0.365966140416063,loading
fast,26.16,13.616576273382776,0.044397904872637416,9,6.852686041564027,0.4289711035195257,0.339283798336254,loading
fast,26.18,13.624422811321192,0.04701832339809342,9,6.859229729058676,0.42842392699922416,0.3168530493660171,loading
fast,26.2,13.63230434336991,0.04921115306539721,9,6.86536332475036,0.427911222311122,0.2979924838246717,loading
fast,26.22,13.640251742695575,0.05109739514453181,10,6.8712232664923505,0.427421971337445,0.28692254169015996,loading
fast,26.240000000000002,13.648236633090896,0.05269104566008787,10,6.876809362205563,0.42695528678423855,0.2728036164256764,loading
fast,26.26,13.543553241561668,-0.10441288539098638,9,6.667363735389875,0.4445186568741152,1.5876178792577633,loading
fast,26.28,13.549155519684529,-0.07785964866610598,9,6.696718111176157,0.4420539388944241,1.3653779092468454,loading
fast,26.3,13.555163378288675,-0.055569926171541384,9,6.722011762972784,0.43993058080037806,1.178732577320929,loading
fast,26.32,13.561510795244555,-0.03686037202690431,9,6.743895025595371,0.4380939126111626,1.021976929322932,loading
fast,26.34,13.568142330993112,-0.02115716444414613,9,6.76291400105243,0.4364980266106052,0.8903203796926107,loading
fast,26.36,13.575011432410918,-0.00797845162110427,9,6.779527264584347,0.43510437296460236,0.7797401595759368,loading
fast,26.38,13.582079008525277,0.003080388859182284,9,6.7941198931218185,0.4338805804277165,0.6868582544168333,loading
fast,26.400000000000002,13.58931223450844,0.012359128061702612,9,6.807015245315947,0.4327994660624147,0.6088380649238445,loading
fast,26.42,13.596683547362971,0.020143079828279883,9,6.818484853509743,0.43183820367677905,0.5432976310917326,loading
fast,26.44,13.60416980257493,0.026671828974951208,9,6.828756730262423,0.43097762554185215,0.4882367646494856,loading
fast,26.46,13.611751565935478,0.032146560566900004,9,6.838022343534659,0.4302016360270883,0.441975859718724,loading
fast,26.48,13.619412518866596,0.03673621448494603,9,6.846442473918234,0.4294967192160867,0.4031045112746767,loading
fast,26.5,13.627138959058989,0.04058265356149022,9,6.854152133090986,0.42885152543981475,0.3704383687637147,loading
fast,26.52,13.634919381145842,0.043805003387258644,9,6.861264693960186,0.4282565240787096,0.3429829047014721,loading
fast,26.54,13.642744124584574,0.04650329655014815,9,6.867875358842438,0.42770371201236357,0.3199029908014239,loading
fast,26.560000000000002,13.65060507797481,0.04876153278942407,9,6.874064071776829,0.42718636879775185,0.30049734985126975,loading
fast,26.580000000000002,13.658495430767076,0.05065024867985851,9,6.879897964063396,0.42669885108661376,0.2841771027615181,loading
fast,26.6,13.6664094647668,0.052228675456790344,9,6.8854334078401855,0.42623641999279516,0.2704477537278649,loading
fast,26.62,13.674342379055158,0.053546550993032564,9,6.890717740520611,0.4257950961285154,0.2588940627958891,loading
fast,26.64,13.682290142970974,0.05464564135904156,9,6.895790712844523,0.42537153787488224,0.2491673431102015,loading
fast,26.66,13.690249372656154,0.05556101851321259,9,6.900685704841303,0.42496293916272665,0.24097479402307442,loading
fast,26.68,13.698217227387918,0.056322133208763406,9,6.905430746902734,0.42456694363675773,0.2340705438275137,loading
fast,26.7,13.706191322526514,0.05695371593922081,9,6.910049377202499,0.42418157257714084,0.2282481281898896,loading
fast,26.72,13.714169656415365,0.057476533483760216,9,6.914561361691426,0.4238051643735493,0.22333417401831923,loading
fast,26.740000000000002,13.72215054899733,0.05790802419626397,9,6.918983298694933,0.42343632370008566,0.21918309596102858,loading
fast,26.76,13.730132590269399,0.058262831472792195,9,6.923329126607506,0.4230738788362386,0.21567264236921346,loading
fast,26.78,13.73811459699882,0.05855325171681389,9,6.927610550216205,0.4227168458282843,0.21270015561647426,loading
fast,26.8,13.746095576376586,0.05878961050624183,9,6.931837398694569,0.42236439839476614,0.21017943176282472,loading
fast,26.82,13.754074695496453,0.05898057846992294,9,6.936017926218149,0.42201584265541225,0.20803808309644012,loading
fast,26.84,13.762051255725726,0.05913343653661607,9,6.940159064399477,0.4216705959103836,0.2062153240807163,loading
fast,26.86,13.770024671183783,0.05925429867082834,9,6.944266634262712,0.4213281688207374,0.20466011156194952,loading
fast,26.88,13.777994450670008,0.05934829890944903,9,6.948345524244454,0.42098815044491966,0.20332958349023045,loading
fast,26.900000000000002,13.785960182488228,0.05941974842084124,9,6.952399839664945,0.42065019567353323,0.20218774734459544,loading
fast,26.92,13.79392152170341,0.05947226739104673,9,6.95643302824273,0.42031401467806495,0.20120437950943426,loading
fast,26.94,13.801878179440877,0.059508895771890565,9,6.960447985492323,0.4199793640506796,0.20035410047825053,loading
fast,26.96,13.766768239580188,-0.00409983028438678,8,6.879284289505717,0.4267861300477557,0.7178500787858866,loading
fast,26.98,13.77360851197038,0.005946952729402465,8,6.892751208714612,0.42565700938323436,0.6353213134246971,loading
fast,27.0,13.780616352315882,0.014399701137285063,8,6.9047078772952215,0.4246548271316176,0.5658028746324817,loading
fast,27.02,13.787764328027965,0.02151017567377031,8,6.915392339687768,0.4237595750247727,0.5072399850405418,loading
fast,27.04,13.795082885803112,0.027566784495076116,9,6.9251082273966205,0.42294662276937245,0.467700629089407,loading
fast,27.060000000000002,13.80254676748812,0.03271890519510184,9,6.933992288939157,0.4222026545263854,0.4241432557812175,loading
fast,27.080000000000002,13.810084945468493,0.03703779489459345,9,6.942080267628855,0.421525606246424,0.38754258594231317,loading
fast,27.1,13.817684520273517,0.04065700652857298,9,6.9494992666653275,0.42090479308161244,0.356783644676284,loading
fast,27.12,13.825334660684533,0.04368868766926663,9,6.9563560180115545,0.4203312426791247,0.3309301610503468,loading
fast,27.14,13.833026272242734,0.04622701129656837,9,6.962740147417941,0.41979742070899684,0.3091959259027277,loading
fast,27.16,13.840751718887283,0.04835105669753827,9,6.96872691614117,0.419297000383302,0.29092074079350994,loading
fast,27.18,13.848504589208197,0.05012722862629508,9,6.97437952323042,0.4188246689159211,0.2755502214721872,loading
fast,27.2,13.856279500163367,0.05161128873014266,9,6.979751038811855,0.4183759650021831,0.26261883805211994,loading
fast,27.22,13.864071932255044,0.05285006138636552,9,6.98488602751388,0.4179471423466835,0.2517356740820986,loading
fast,27.240000000000002,13.871878091123598,0.053882866134003324,9,6.9898219116958025,0.41753505506433786,0.2425724678563057,loading
fast,27.26,13.879694791324571,0.054742720520901726,9,6.994590116183227,0.41713706144889906,0.23485357001540308,loading
fast,27.28,13.887519358733435,0.055457350162962576,9,6.999217029529689,0.4167509431651276,0.22834751121969532,loading
fast,27.3,13.895349548592556,0.0560500369149106,9,7.003724811211201,0.416374837392507,0.22285992128523446,loading
fast,27.32,13.852085085176164,-0.01184217698411572,8,6.9142003656039766,0.4238812521154238,0.77539098906243,loading
fast,27.34,13.858735050263384,-0.0006501860190704966,8,6.928717339112625,0.42266384839432536,0.683519844528746,loading
fast,27.36,13.865712039625627,0.008957532517499311,9,6.941813552330304,0.4215670667197252,0.618352967006075,loading
fast,27.38,13.87284025481436,0.017027705281949666,9,6.953447832689156,0.4205918837539583,0.5504377366545299,loading
fast,27.400000000000002,13.880087993496495,0.0237970031094061,9,6.963840999857659,0.41972103195854105,0.49338336015125606,loading
fast,27.42,13.887435114047019,0.029473931093174872,9,6.973191488116678,0.41893783008361474,0.44544912005406445,loading
fast,27.44,13.894864703832795,0.034233575915996434,9,6.98166592783242,0.4182282704551693,0.4051732944514441,loading
fast,27.46,13.902362561681407,0.038222962026220074,9,6.989404242866904,0.41758059046447105,0.3713284405559847,loading
fast,27.48,13.909916763297876,0.04156554934635997,9,6.996523930995286,0.41698491273752925,0.3428838456365213,loading
fast,27.5,13.917517296334807,0.044365010105993204,9,7.003123658273372,0.4164329429768524,0.31897399560065764,loading
fast,27.52,13.925155753952055,0.04670840033816748,9,7.009286277314205,0.41591771623195484,0.2988720976624393,loading
fast,27.54,13.932825077491529,0.04866882306044205,9,7.01508136180621,0.4154333838366905,0.2819678464955899,loading
fast,27.560000000000002,13.940519340395067,0.050307664611276975,9,7.020567334808819,0.41497503449546513,0.2677487543998325,loading
fast,27.580000000000002,13.948233566755171,0.051676472555010185,9,7.025793255932596,0.41453854404503987,0.25578447307417207,loading
fast,27.6,13.955963578947703,0.05281853260322807,9,7.0308003220770985,0.41412044929598346,0.24571362889957982,loading
fast,27.62,13.963705869685494,0.05377019279327061,9,7.035623127636027,0.41371784209430895,0.23723276773424118,loading
fast,27.64,13.94422575720391,0.01550598998190422,8,6.987618868583857,0.4177439129623338,0.5458241318621049,loading
fast,27.66,13.951282207085896,0.022291361729228097,8,6.997932465272163,0.41687978815232973,0.4899231001189719,loading
fast,27.68,13.958450183102897,0.027997920273961224,8,7.007223011825408,0.4161016512931405,0.4428273430931995,loading
fast,27.7,13.965711120655257,0.032796054362288475,8,7.015651614689906,0.4153959609601029,0.4031462111413475,loading
fast,27.72,13.973049387894765,0.03682924225821411,8,7.0233539362056,0.41475131437353074,0.36970868796970535,loading
fast,27.740000000000002,13.98045182253778,0.04021830187133681,8,7.030444213140219,0.4141581096301965,0.3415287025774205,loading
fast,27.76,13.987907341832006,0.043064969637291596,8,7.037018640553304,0.4136082612805482,0.317775919882024,loading
fast,27.78,13.995406614123588,0.04545491416512237,8,7.043158221226895,0.41309496082645414,0.2977511443447156,loading
fast,27.8,14.002941782295466,0.04746027392182738,8,7.048931165069552,0.4126124750449113,0.28086560848805675,loading
fast,27.82,13.87038629551681,-0.13016320244803598,6,6.80502994531037,0.4330501383876463,1.6316059621246382,loading
fast,27.84,13.873973341744595,-0.10167674571129373,6,6.835309925160985,0.4305086116090727,1.4132644698570118,loading
fast,27.86,13.878181652570845,-0.07751171046518952,6,6.861579115820231,0.42830407139230553,1.227972527896526,loading
fast,27.88,13.88291624109661,-0.05701354036758097,6,6.884444580180713,0.4263855120056025,1.0707242479419676,loading
fast,27.900000000000002,13.888096508445027,-0.03962682254092695,6,6.9044214316815875,0.4247096533571145,0.9372719669613616,loading
fast,27.92,13.893654064455234,-0.02488027064317772,6,6.921946761584451,0.42323977081806186,0.8240114011925925,loading
fast,27.94,13.899627501227044,-0.01223403049258883,7,6.937579720120921,0.42193117395056845,0.753807527742012,loading
fast,27.96,13.906034037219953,-0.0013015004826147183,7,6.951715518127372,0.4207459211926685,0.6665724393943862,loading
fast,27.98,13.912646763055598,0.007928810580171659,7,6.9642521921079865,0.41969505414016484,0.5928417899649929,loading
fast,28.0,13.919432782970354,0.015720865299636805,7,6.975437256784804,0.41875777206043097,0.5305215099760119,loading
fast,28.02,13.926364302943497,0.022297694499012415,7,6.9854798459707705,0.4179164996899418,0.4778422500724133,loading
fast,28.04,13.933417839586902,0.02784774437190492,7,6.994556664165348,0.41715638707186864,0.43330902777150015,loading
fast,28.060000000000002,13.940573551709416,0.03253023940222483,7,7.002817015256937,0.4164648869521307,0.3956586825051289,loading
fast,28.080000000000002,13.947814675533362,0.03647971367467614,7,7.0103870514413735,0.41583139770718225,0.3638239275609578,loading
fast,28.1,13.955127047490002,0.03980983953032016,7,7.017373363275347,0.4152469616417842,0.33690297675725844,loading
fast,28.12,13.962498701013516,0.04261666252569312,7,7.023866013032457,0.4147040100706908,0.3141338807459704,loading
fast,28.14,13.969919525858721,0.04498133475786909,7,7.02994109768723,0.414196147929657,0.29487284311358053,loading
fast,28.16,13.977380980247265,0.046972424342193835,7,7.035662914465849,0.4137179717860747,0.27857589874535904,loading
fast,28.18,13.98487584765033,0.0486478667672798,7,7.041085790592453,0.4132649160700591,0.26478343316149733,loading
fast,28.2,13.992398031286122,0.05005661365989344,7,7.046255629302983,0.41283312314999765,0.253107102954786,loading
fast,28.22,13.999942380484061,0.05124002588172743,7,7.051211216123752,0.4124193335549813,0.24321878352751014,loading
fast,28.240000000000002,14.00750454397398,0.052233050603279325,7,7.055985322590281,0.412020793220115,0.23484123166106485,loading
fast,28.26,14.015080845925311,0.053065215853016136,7,7.060605638815677,0.4116351751149536,0.22774019512006305,loading
fast,28.28,14.02266818120843,0.053761470845096714,7,7.065095561449327,0.4112605130247552,0.22171774639012654,loading
fast,28.3,14.03026392689749,0.054342896000489464,7,7.069474859449265,0.41089514560005735,0.21660664995337697,loading
fast,28.32,14.037865867496194,0.054827302867462506,7,7.073760236615541,0.4105376690822671,0.2122656027463421,loading
fast,28.34,14.045472131758512,0.05522974101440935,7,7.077965806893678,0.41018689735996794,0.20857521329276096,loading
fast,28.36,14.053081139306514,0.05556292632073338,7,7.082103495974,0.4098418282191342,0.20543460360933352,loading
fast,28.38,14.060691555525839,0.055837602853894934,7,7.086183380616829,0.4095016148268028,0.2027585384620778,loading
fast,28.400000000000002,13.812393797410813,-0.29673779036142506,6,6.609459108343989,0.4494542975109451,2.9106784753309967,loading
fast,28.42,13.68235564759776,-0.4038789466813682,7,6.437298877117524,0.4638816023780187,3.8781056537473546,loading
fast,28.44,13.681367631603653,-0.3319773856474005,7,6.50870643015444,0.4578833956110834,3.3071774874411375,loading
fast,28.46,13.6817640518383,-0.2712324853313763,7,6.569649540587779,0.45276460143331754,2.8247577875895047,loading
fast,28.48,13.683329281606401,-0.2199142150985301,7,6.621750425704672,0.44838889134690973,2.4171218675892447,loading
fast,28.5,13.685881131433714,-0.17656081424096054,7,6.666379751475901,0.4446410768170853,2.0726732809244197,loading
fast,28.52,13.689265664071172,-0.13993719227932272,7,6.70469563975626,0.4414238311705029,1.7816138022936912,loading
fast,28.54,13.693352813518622,-0.10899977998708642,7,6.737676626772226,0.4386549198176154,1.5356645836099858,loading
fast,28.560000000000002,13.698032683391428,-0.08286683084617677,7,6.766149510849541,0.4362648599749872,1.3278305493873432,loading
fast,28.580000000000002,13.703628786817166,-0.06020963721396666,9,6.7916047561945945,0.4341335488982875,1.2073429740446784,loading
fast,28.6,13.709802256992784,-0.040895298065238346,9,6.814005830431153,0.4322533096426998,1.0455461435512348,loading
fast,28.62,13.716269291582137,-0.024684129769701055,9,6.833450516021372,0.43062159506059683,0.9096567485347151,loading
fast,28.64,13.722981837938992,-0.01107876197936763,9,6.850412156990156,0.4291986137893896,0.79552246283221,loading
fast,28.66,13.729899545894522,0.0003384590149957822,9,6.865288231962271,0.42795095204307343,0.6996564791528215,loading
fast,28.68,13.73698853323275,0.009918246964496415,9,6.878412513580873,0.42685055143848205,0.6191308426579667,loading
fast,28.7,13.744220349031014,0.01795510454494623,9,6.890065279060423,0.42587385065161965,0.5514868798588424,loading
fast,28.72,13.751571103152212,0.024696332654905093,9,6.900481884231009,0.425001064646105,0.49465998426967417,loading
fast,28.740000000000002,13.759020735258822,0.030349595737708908,9,6.909859963367115,0.4242155794241166,0.44691645651440126,loading
fast,28.76,13.766552400986498,0.03508927456223149,9,6.9183654750555,0.42350344378438287,0.4068004680952697,loading
fast,28.78,13.774151956499484,0.03906180080408574,9,6.9261377790538035,0.42285294253926786,0.3730895250182442,loading
fast,28.8,13.78180752565951,0.042390136620370264,9,6.93329389945014,0.42225423813500795,0.34475707023595703,loading
fast,28.82,13.789509136567254,0.04517753625514616,9,6.939932104538764,0.42169906971169235,0.32094107907276737,loading
fast,28.84,13.79725120436909,0.047514865925863986,10,6.946140468110425,0.421180500396782,0.3064728718094045,binding
fast,28.86,13.805075796773238,0.04954014183009481,10,6.952078040216712,0.42068422096609803,0.28869180988877474,loading
fast,28.88,13.812923233840266,0.05122923906512225,10,6.957690855985284,0.42021524284884926,0.2737701714750074,loading
fast,28.900000000000002,13.820788796069515,0.05263669909958042,10,6.963031097134358,0.4197691789151007,0.2612441155669387,loading
fast,28.92,13.828668530360883,0.05380821558690393,10,6.968142480767348,0.41934235368991024,0.2507250462713273,loading
fast,28.94,13.836559125687408,0.05478206967311801,10,6.973061632516806,0.41893168790747115,0.24188740646025053,loading
fast,28.96,13.844457808936436,0.0555903324664515,10,6.977819236934664,0.41853460179306057,0.23445845139136168,loading
fast,28.98,13.852362257647616,0.05625987244034742,10,6.982441001264171,0.41814893403476405,0.22820968133885344,loading
fast,29.0,13.860270526906692,0.05681319941376643,10,6.98694846286714,0.4177728738997629,0.22294966429470264,loading
fast,29.02,13.868180988098718,0.057269171619617025,10,6.991359665668966,0.4174049043627962,0.2185180225211525,loading
fast,29.04,13.876092277596797,0.057643588071265864,10,6.995689726869621,0.41704375446046293,0.21478039517575098,loading
fast,29.060000000000002,13.884003253774658,0.05794968483439344,10,6.999951311721684,0.4166883593746581,0.2116242175809191,loading
fast,29.080000000000002,13.891912960992705,0.05819855079276302,10,7.004155031289148,0.416337826991365,0.20895518552777048,loading
fast,29.1,13.899820599426356,0.058399475967768844,10,7.008309775680964,0.4159914098843176,0.20669429277475615,loading
fast,29.12,13.90772549978879,0.058560243332949326,10,7.0124229932273145,0.4156484818435432,0.20477534983243117,loading
fast,29.14,13.915627102154296,0.05868737328986462,10,7.016500924366998,0.4153085182114591,0.2031429045068478,loading
fast,29.16,13.923524938216936,0.05878632848475202,10,7.020548797593243,0.4149710794089042,0.20175050009285656,loading
fast,29.18,13.931418616427159,0.058861685399341446,10,7.024570993612958,0.41463579713360676,0.20055921623907125,loading
fast,29.2,13.93930780953967,0.058917278106030646,10,7.028571182875865,0.414302362797517,0.19953644606829357,loading
fast,29.22,13.947192244181231,0.05895631870274163,10,7.032552440793321,0.41397051783993444,0.19865487253412084,loading
fast,29.240000000000002,13.955071692110863,0.058981498210755,10,7.036517344266187,0.41364004561197676,0.1978916099076855,loading
fast,29.26,13.812924975843906,-0.13977842095401494,9,6.7666840669679456,0.43626505088725354,1.8646776149875421,loading
fast,29.28,13.817796127489604,-0.10780641407028829,9,6.801091649674506,0.43337546360350643,1.5972129165824356,loading
fast,29.3,13.82320845066554,-0.08089046233311904,10,6.8307137629996735,0.43089030684488927,1.3974451383447217,loading
fast,29.32,13.829218310986107,-0.05804921181399355,10,6.856559943679043,0.42872022454623704,1.2026382338881092,loading
fast,29.34,13.835543525367836,-0.038920931919270416,10,6.878850830764646,0.426849048121677,1.0394082247699998,loading
fast,29.36,13.842131924408744,-0.022903292213459072,10,6.898162669990937,0.4252283302234695,0.9026326725702916,loading
fast,29.38,13.848939802510547,-0.009491673340817155,10,6.9149782279144585,0.4238174826829204,0.7880201095034067,loading
fast,29.400000000000002,13.855930544865288,0.001736683833368749,10,6.929701956266003,0.42258250158092714,0.6919752371281618,loading
fast,29.42,13.63318527810123,-0.27323397347605793,9,6.543358665574541,0.4549694458366712,2.992015614594834,loading
fast,29.44,13.636122551541288,-0.2196915118617412,9,6.598369763908929,0.4503478912084121,2.54445840987394,loading
fast,29.46,13.639883411109807,-0.17473824147231845,9,6.645203464082591,0.4464137620774199,2.1686090116297407,loading
fast,29.48,13.64449499088094,-0.13676789085946142,10,6.6854796045809906,0.44303381926050456,1.8854357070452465,loading
fast,29.5,13.64984848392757,-0.10468693101995813,10,6.7202373109438085,0.4401145608302869,1.6120409072506448,loading
fast,29.52,13.655647064240245,-0.07781796069151953,10,6.750005571428588,0.43761478331552295,1.3829712148627493,loading
fast,29.54,13.66181749863161,-0.055315475919177716,10,6.775593273396616,0.4354664802298771,1.1910361551414894,loading
fast,29.560000000000002,13.668298434735647,-0.036471131852721,10,6.7976780855150665,0.43361267718242436,1.0302117041582903,loading
fast,29.580000000000002,13.675038473679862,-0.020691492561733256,10,6.816827744278182,0.43200564223229654,0.8954510657410708,loading
fast,29.6,13.681994555411897,-0.007479390313776546,10,6.833517887392144,0.43060538656260794,0.7825261434390995,loading
fast,29.62,13.68913060596119,0.0035816912176109906,10,6.848146994198192,0.4293784083776414,0.6878947298893934,loading
fast,29.64,13.696416404144173,0.012840700362107584,10,6.861048902434188,0.4282966405672086,0.608589240691515,loading
fast,29.66,13.703826632114549,0.020589978448845074,10,6.872503294506114,0.42733656908265905,0.5421234980218514,loading
fast,29.68,13.711340079934839,0.027074442690981925,10,6.882744482658403,0.42647849433146945,0.48641463603615875,loading
fast,29.7,13.71893897918379,0.032499279407077024,10,6.891968768998975,0.4257059123896658,0.4397176749648679,loading
fast,29.72,13.726608444667065,0.037036389234838346,10,6.900340611568367,0.4250049965950241,0.4005707086562893,loading
fast,29.740000000000002,13.734336006694601,0.04082978679131506,10,6.907997790138616,0.4243641632371089,0.36774898392266664,loading
fast,29.76,13.74211121923274,0.044000124390921165,10,6.915055734007289,0.42377370770180356,0.34022642893205557,loading
fast,29.78,13.749925331622592,0.04664848191821306,10,6.9216111477294895,0.4232254996411354,0.31714342311417454,loading
fast,29.8,13.757771013552837,0.04885954190101676,10,6.927745048677423,0.4227127275931307,0.2977797949910155,loading
fast,29.82,13.765642124647819,0.05070424951765959,10,6.9335253118415885,0.4222296850299111,0.281532200521184,loading
fast,29.84,13.773533521433574,0.0522420410934229,10,6.939008801810189,0.4217715911134059,0.26789517105996197,loading
fast,29.86,13.781440895618069,0.05352271108633254,10,6.944243158895365,0.4213344405283891,0.25644523603318703,loading
fast,29.88,13.789360638605952,0.054587976207435614,10,6.9492682955104,0.4209148776758811,0.24682762097327782,loading
fast,29.900000000000002,13.610128667596548,-0.22386976418565419,9,6.581194569612613,0.42051009127506356,-372.6843350866247,rupture
fast,29.92,13.613843028698668,-0.1782220565730064,9,6.62869945777631,0.4477916700236598,2.1994980602286773,loading
fast,29.94,13.618258704694775,-0.13989821232412286,9,6.669231140023282,0.4443873211518029,1.8789938449170762,loading
fast,29.96,13.623262279613154,-0.10772438443047219,9,6.70390675537608,0.4414752565386647,1.6098338400567513,loading
fast,29.98,13.628758516153791,-0.08071486563755101,9,6.733664392439357,0.4389766163642085,1.383788809858899,loading
fast,30.0,13.634667442079213,-0.058041934118096786,9,6.759291786921503,0.4368251801289543,1.1939484689555968,loading
slow,0.0,0.0,0.0,0,0.0,1.0,0.0,unbound
slow,0.02,0.0,0.0,0,0.0,1.0,0.0,unbound
slow,0.04,0.0033333332526446213,0.004997500689220094,1,0.0066641673155421275,0.9995001673225881,0.6661751865982696,loading
slow,0.06,0.009999442894454091,0.014976687452064577,1,0.019976408899291823,0.9983907245001364,0.665102900929717,loading
slow,0.08,0.016664808273395337,0.024934820507272738,1,0.03326722464397037,0.9972830673219619,0.6640325075133526,loading
slow,0.1,0.023329427259886515,0.03487193872900427,1,0.04653665235894755,0.9961771926370004,0.6629640029526263,loading
slow,0.12,0.029993297729253854,0.04478808092109894,1,0.05978472978572593,0.9950730972998443,0.6618973838570588,loading
slow,0.14,0.037317296953430557,0.05567440665173486,2,0.0743330551284504,0.9938881723226852,0.9911230006725835,loading
slow,0.16,0.04727905610065264,0.07049087288725094,2,0.09413040093757721,0.9922381942673033,0.988732145216803,loading
slow,0.18,0.058613096544558374,0.08733472096999283,3,0.11664126924227167,0.9903784976190764,1.183240671188135,loading
slow,0.2,0.07085146603142967,0.10549979927454005,4,0.14092553229025478,0.9883654406383131,1.3108199500122264,loading
slow,0.22,0.08405282512028478,0.12507125470445812,4,0.16709766726460026,0.9861840782764103,1.306606581524511,loading
slow,0.24,0.09723166014995677,0.1445698540323835,4,0.19318568410736145,0.9840097269426001,1.302407418563356,loading
slow,0.26,0.11038804019143456,0.1639958463277932,4,0.21918986642351032,0.9818423629991246,1.2982224130059505,loading
slow,0.28,0.12352203408398132,0.18334947981528057,4,0.24511049685727132,0.9796819628883018,1.2940515168926026,loading
slow,0.3,0.13663371043591788,0.20263100187741823,4,0.27094785709537694,0.977528503132254,1.2898946824255741,loading
slow,0.32,0.14972313762540068,0.22184065905761333,4,0.2967022278703133,0.975381960332638,1.2857518619691088,loading
slow,0.34,0.1627903838012088,0.24097869706295058,4,0.322373888963555,0.9732423111703745,1.2816230080499036,loading
slow,0.36,0.17583551688351662,0.2600453607670283,4,0.34796311920878686,0.9711095324053807,1.277508073354472,loading
slow,0.38,0.1888586045646683,0.27904089421278316,4,0.37347019649511753,0.9689836008763011,1.2734070107304762,loading
slow,0.4,0.20185971430994698,0.2979655406153058,4,0.39889539777027966,0.9668644935002421,1.2693197731845074,loading
slow,0.42,0.21483891335834926,0.31681954236464704,4,0.4242389990438212,0.9647521872725051,1.2652463138829728,loading
slow,0.44,0.2282468252078207,0.33627863780660217,5,0.4504020504105122,0.9625790898802405,1.3511289733989518,loading
slow,0.46,0.24208003116963717,0.3563358190273117,5,0.47737583461213007,0.9603308874871207,1.3464844575790114,loading
slow,0.48,0.255886897197378,0.37631345557751067,5,0.5042569041761997,0.958090412707274,1.3418566634874063,loading
slow,0.5,0.26966751079114637,0.3962118375064739,5,0.5310455929020472,0.955857637719051,1.3372455306590592,loading
slow,0.52,0.28342195913707435,0.4160312538134634,5,0.5577422333820007,0.9536325348014041,1.3326509988490498,loading
slow,0.54,0.2971503291084492,0.43577199245152837,5,0.5843471570057527,0.951415076333523,1.3280730080278413,loading
slow,0.56,0.3108527072668483,0.4554343403312894,5,0.6108606939647133,0.9492052347944727,1.323511498385943,loading
slow,0.58,0.3245291798632657,0.47501858332471064,5,0.6372831732563429,0.9470029827628319,1.3189664103258059,loading
slow,0.6,0.33817983283923425,0.4945250062688556,5,0.6636149226884726,0.9448082929163333,1.314437684471259,loading
slow,0.62,0.351804751827947,0.5139538929696331,5,0.6898562688836067,0.9426211380315042,1.3099252616564083,loading
slow,0.64,0.36540402215536893,0.5333055262055262,5,0.7160075372832104,0.9404414909833101,1.3054290829311865,loading
slow,0.66,0.3789777288413436,0.5525801877313115,5,0.7420690521519834,0.938269324744798,1.3009490895584674,loading
slow,0.68,0.3927853156276342,0.5721670411914286,6,0.7685596990052459,0.9360667938671139,1.3612254106118993,loading
slow,0.7000000000000001,0.4069540264321603,0.5922556707713535,6,0.7957326839874332,0.9338019697819229,1.3563213705074517,loading
slow,0.72,0.42121899175837463,0.6124485414313056,7,0.8230580373104919,0.9315286177166182,1.4014499099106459,loading
slow,0.74,0.43588862446111953,0.6332073960448942,8,0.8511517082754532,0.92919036518054,1.4360904419333798,loading
slow,0.76,0.4508643501512761,0.6543833782716618,8,0.8798155533473002,0.9268012516873155,1.4305735950870258,loading
slow,0.78,0.46580615303900963,0.67546621753632,8,0.9083692940558231,0.9244213154023451,1.4250788839639261,loading
slow,0.8,0.48081096990816796,0.6966014613538839,9,0.937006946307967,0.9220370742332545,1.4518371070214586,loading
slow,0.8200000000000001,0.4960066873251847,0.7179804395667696,9,0.965983783229362,0.9196218626939497,1.4461355567590983,loading
slow,0.84,0.5111668429818028,0.7392634132535032,9,0.9948468347444038,0.917216135219767,1.440457381608029,loading
slow,0.86,0.5062041660796002,0.7303332034131119,8,0.9834352864529126,0.9181646159888532,1.4106783191518701,loading
slow,0.88,0.521023217349029,0.7510803515183823,8,1.0115919601928973,0.9158177752688385,1.4052634189587465,loading
slow,0.9,0.5358089351622635,0.771736096608011,8,1.0396405641891433,0.9134799421712335,1.3998702439455002,loading
slow,0.92,0.5505614450939991,0.7923008094790277,8,1.067581532026027,0.9111510805567162,1.394498706622116,loading
slow,0.9400000000000001,0.5652808722159346,0.8127748594338674,8,1.0954152955418341,0.9088311544315015,1.3891487198520736,loading
slow,0.96,0.5799673410988007,0.8331586142863957,8,1.123142284835796,0.9065201279467545,1.3838201968496833,loading
slow,0.98,0.5946209758143723,0.8534524403679026,8,1.1507629282750886,0.9042179653980074,1.3785130511774213,loading
slow,1.0,0.60924189993748,0.8736567025330774,8,1.178277652501818,0.9019246312245776,1.3732271967485943,loading
slow,1.02,0.6238302365480131,0.8937717641659562,8,1.2056868824399625,0.8996400900089879,1.3679625478175694,loading
slow,1.04,0.6383861082329094,0.9137979871858466,8,1.2329910413023,0.8973643064763912,1.3627190189939853,loading
slow,1.06,0.6529096370881362,0.9337357320532287,8,1.260190550597296,0.8950972454939936,1.3574965252196591,loading
slow,1.08,0.6403187176664122,0.9130326846852467,7,1.233192043518451,0.8973444041380241,1.3248931747393833,loading
slow,1.1,0.65446444669581,0.9324058257849228,7,1.259638049132827,0.8951401590211265,1.3199573863447167,loading
slow,1.12,0.6685802504191969,0.9516954162490852,7,1.285985541458684,0.8929441249509192,1.3150408697149008,loading
slow,1.1400000000000001,0.6826662377718815,0.9709017862515825,7,1.3122349051375224,0.8907562698676479,1.310143549296594,loading
slow,1.16,0.6967225172647229,0.9900252646705315,7,1.338386523302893,0.8885765618372451,1.305265349833773,loading
slow,1.18,0.7107491969857929,1.0090661790934037,7,1.364440777586299,0.8864049690508385,1.3004061963615143,loading
slow,1.2,0.7250611960207998,1.0284966714477703,8,1.3910272694581693,0.8841920997594224,1.3324665712370898,loading
slow,1.22,0.7393972812614731,1.0479243639225435,8,1.4176230045532792,0.8819753634043275,1.3273654052092798,loading
slow,1.24,0.7537018469737973,1.0672660078266605,8,1.4441169313135587,0.8797671127822818,1.3222847009402017,loading
slow,1.26,0.7679750114686339,1.0865219523741043,8,1.4705094581084202,0.877567313855634,1.3172243760284363,loading
slow,1.28,0.7822168925830937,1.1056925453712165,8,1.4968009916627627,0.8753759327238037,1.3121843484060758,loading
slow,1.3,0.7964276076824497,1.124778133222367,8,1.5229919370635903,0.8731929356227288,1.3071645363365025,loading
slow,1.32,0.8106072736620291,1.1437790609356029,8,1.5490826977666179,0.8710182889243162,1.3021648584121692,loading
slow,1.34,0.8247560069491175,1.162695672128276,8,1.5750736756028347,0.8688519591358932,1.2971852335526002,loading
slow,1.36,0.8388739235048295,1.1815283090326398,8,1.600965270785055,0.8666939128996621,1.2922255810003946,loading
slow,1.3800000000000001,0.8529611388259966,1.2002773125014345,8,1.6267578819144335,0.864544116992158,1.2872858203298865,loading
slow,1.4000000000000001,0.867017767947031,1.2189430220134434,8,1.6524519059869585,0.8624025383237064,1.2823658714353758,loading
slow,1.42,0.881043925441789,1.237525775679026,8,1.6780477383999193,0.8602691439378847,1.2774656545346819,loading
slow,1.44,0.8950397254254252,1.2560259102456348,8,1.703545772958346,0.8581439010109853,1.2725850901684765,loading
slow,1.46,0.9090052815562402,1.2744437611033015,8,1.7289464018814202,0.8560267768514815,1.2677240991980643,loading
slow,1.48,0.9229407070375188,1.2927796622901095,8,1.75425001580887,0.8539177388994944,1.2628826028027174,loading
slow,1.5,0.9368461146193638,1.3110339464976384,8,1.7794570038073183,0.8518167547262626,1.2580605224694619,loading
slow,1.52,0.9507216166005179,1.3292069450763888,8,1.8045677533766473,0.8497237920336146,1.2532577800228317,loading
slow,1.54,0.9645673248301847,1.3472989880411856,8,1.8295826504562773,0.8476388186534419,1.2484742975804597,loading
slow,1.56,0.9783833507098336,1.3653104040765578,8,1.854502079431474,0.8455618025471762,1.2437099975883825,loading
slow,1.58,0.9921698051950099,1.3832415205420996,8,1.8793264231396032,0.8434927118052662,1.2389648027977263,loading
slow,1.6,1.0059267987971232,1.4010926634778063,8,1.9040560628763694,0.8414315146466589,1.2342386362753643,loading
slow,1.62,1.0196544415852387,1.4188641576093926,8,1.9286913784020105,0.8393781794182815,1.2295314213890407,loading
slow,1.6400000000000001,1.0252320135248922,1.4243793300571825,7,1.936995336819627,0.8386832108237896,1.1938667051027974,loading
slow,1.6600000000000001,1.038580402461152,1.4415359856733556,7,1.96082618690393,0.8366969379575925,1.1894423950400412,loading
slow,1.68,1.0519017582396266,1.4586178530791643,7,1.9845687321989764,0.8347180252627163,1.1850353515723278,loading
slow,1.7,1.0651961785304316,1.4756252280602193,7,2.008223317325434,0.832746444015131,1.1806455070062505,loading
slow,1.72,1.0784637606233805,1.4925584052412766,7,2.0317902855529653,0.8307821656034127,1.176272793917299,loading
slow,1.74,1.091704601429484,1.5094176780907895,7,2.0552699788055317,0.8288251615283017,1.1719171451511912,loading
slow,1.76,1.1049187974824282,1.526203338925442,7,2.078662737666656,0.8268754034022625,1.1675784938063316,loading
slow,1.78,1.118106444940059,1.5429156789146736,7,2.1019689013847014,0.8249328629490454,1.1632567732471344,loading
slow,1.8,1.1315989823118962,1.5600515049896817,8,2.125850996145628,0.8229450788381821,1.1919422038140226,loading
slow,1.82,1.145063154003486,1.5771105876875369,8,2.1496421646892787,0.8209621033228256,1.1874045631858898,loading
slow,1.84,1.1584990657012604,1.5940932387127233,8,2.1733427715633513,0.8189866761293064,1.182885115028398,loading
slow,1.86,1.1719068226687277,1.610999768513196,8,2.1969531798475574,0.8170187669948772,1.178383786083259,loading
slow,1.8800000000000001,1.1852865297481845,1.627830486285444,8,2.2204737511595343,0.8150583457786543,1.1739005033866157,loading
slow,1.9000000000000001,1.1624031087985944,1.5902410765934125,7,2.1714426309927077,0.819142328083458,1.150567994203211,loading
slow,1.92,1.1754848939640574,1.6066668344406083,7,2.194409281422635,0.8172280859302102,1.1463125851580713,loading
slow,1.94,1.1885406020533509,1.623020697100482,7,2.217290998127156,0.8153209229711201,1.1420737805969416,loading
slow,1.96,1.201570327016464,1.6393029490037745,7,2.240088112512007,0.8134208115836181,1.1378515154247815,loading
slow,1.98,1.2145741624376694,1.655513873464909,7,2.262800954683742,0.8115277242534215,1.133645724799237,loading
slow,2.0,1.2275522015369553,1.6716537526863662,7,2.2854298534548416,0.8096416335741085,1.129456344142632,loading
slow,2.02,1.2405045371714554,1.6877228677630445,7,2.307975136348771,0.8077625122466964,1.1252833091277559,loading
slow,2.04,1.2534312618368695,1.7037214986866094,7,2.3304371296050443,0.805890333079219,1.1211265556716477,loading
slow,2.06,1.2663324676688799,1.7196499243498171,7,2.3528161581842557,0.8040250689863073,1.1169860199435888,loading
slow,2.08,1.2792082464445667,1.7355084225508242,7,2.375112545773106,0.8021666929887724,1.1128616383753176,loading
slow,2.1,1.2920586895838042,1.7512972699974805,7,2.3973266147893817,0.8003151782131881,1.1087533476388245,loading
slow,2.12,1.304883888150668,1.767016742311608,7,2.41945868638694,0.7984704978914758,1.104661084649905,loading
slow,2.14,1.3176839328548322,1.7826671140332573,7,2.441509080460672,0.7966326253604926,1.1005847865837026,loading
slow,2.16,1.3304589140529473,1.798248658624953,7,2.4634781156514265,0.7948015340616188,1.0965243908520605,loading
slow,2.18,1.343208921750037,1.81376164847592,7,2.485366109350939,0.7929771975403482,1.0924798351181764,loading
slow,2.2,1.3559340456008666,1.8292063549062907,7,2.507173377706722,0.7911595894458799,1.0884510572815032,loading
slow,2.22,1.3686343749113181,1.8445830481712966,7,2.5289002356269545,0.7893486835307117,1.084437995495069,loading
slow,2.24,1.381309998639761,1.8598919974654538,7,2.5505469967853327,0.7875444536502348,1.0804405881503776,loading
slow,2.2600000000000002,1.3939610053984133,1.8751334709267133,7,2.572113973625918,0.7857468737623301,1.0764587738791853,loading
slow,2.2800000000000002,1.4067714076959845,1.8905834564373765,8,2.5939691602853685,0.7839278257300535,1.1030690460103187,loading
slow,2.3000000000000003,1.4196785027520988,1.9061473564754252,8,2.6159866078514735,0.7820926899770267,1.0988875757944605,loading
slow,2.32,1.432559399842182,1.921640902166389,8,2.637920602087478,0.7802645100646972,1.0947228638449324,loading
slow,2.34,1.4454141959831102,1.937064379458144,8,2.659771477449699,0.7784432581160818,1.090574842681491,loading
slow,2.36,1.4582429878037537,1.9524180731457992,8,2.681539567047676,0.7766289063664513,1.0864434450916782,loading
slow,2.38,1.471045871546524,1.9677022668763469,8,2.703225202649607,0.7748214271628777,1.08232860413926,loading
slow,2.4,1.4839332469123505,1.9830826244511852,9,2.7250492479073616,0.7730044540051355,1.1026959689872662,loading
slow,2.42,1.4969286131765447,1.9985939852855352,9,2.7470582918738056,0.7711700110851034,1.0984248950465236,loading
slow,2.44,1.509977905501092,2.014155235555285,10,2.769144188305829,0.7693308513530881,1.1144045428856941,loading
slow,2.46,1.5231208543767263,2.0298256656909826,10,2.7913860928793426,0.7674769929897277,1.1100087560755867,loading
slow,2.48,1.5362355752334302,2.0454224865991044,10,2.8135402742158213,0.7656304464228773,1.1056312903487964,loading
slow,2.5,1.5493221774253776,2.0609460092182084,10,2.835607097930895,0.763791181178175,1.1012720689951294,loading
slow,2.52,1.5624482897549754,2.0764977825201134,11,2.857721927397603,0.7619493212321733,1.1137821836828543,loading
slow,2.54,1.5756470095306163,2.092127224747858,11,2.87995072951316,0.7600965495467903,1.1093240746435917,loading
slow,2.56,1.5888168394275386,2.107682147845469,11,2.9020905675592403,0.7582511931051164,1.1048848206365314,loading
slow,2.58,1.601957893215765,2.123162871186642,11,2.9241418177945184,0.7564132205455845,1.1004643415319926,loading
slow,2.6,1.6150702841847906,2.138569712786892,11,2.946104854879283,0.7545826006398587,1.0960625575875405,loading
slow,2.62,1.6281541251456364,2.1539029893093447,11,2.9679800518821593,0.7527593022922685,1.0916793893818166,loading
slow,2.64,1.6412095284328796,2.1691630160704816,11,2.98976778028692,0.7509432945392425,1.0873147578291942,loading
slow,2.66,1.6542366059066733,2.1843501070458515,11,3.0114684099991886,0.7491345465487493,1.0829685841797776,loading
slow,2.68,1.6672354689547593,2.1994645748757846,11,3.0330823093531665,0.7473330276197379,1.078640790020735,loading
slow,2.7,1.6802062284944856,2.2145067308710567,11,3.054609845118296,0.7455387071815811,1.0743312972700814,loading
slow,2.72,1.6931489949747895,2.2294768850185407,11,3.0760513825059372,0.7437515547935207,1.0700400281868916,loading
slow,2.74,1.706063878378206,2.2443753459868416,11,3.0974072851759455,0.7419715401441171,1.0657669053522056,loading
slow,2.7600000000000002,1.7189509882228293,2.259202421131888,11,3.118677915243302,0.7401986330506981,1.0615118516792421,loading
slow,2.7800000000000002,1.7318104335643003,2.273958416502523,11,3.1398636332846688,0.7384328034588108,1.0572747903974111,loading
slow,2.8000000000000003,1.7446423229977626,2.288643636846046,11,3.1609647983449207,0.73667402144168,1.05305564508118,loading
slow,2.82,1.7574467646598215,2.303258385613753,11,3.181981767943664,0.7349222571996636,1.0488543396283134,loading
slow,2.84,1.770223866230495,2.317802964966446,11,3.2029148980816924,0.733177481059712,1.0446707982367798,loading
slow,2.86,1.7829737349351475,2.3322776757799124,11,3.2237645432474835,0.7314396634748308,1.0405049454527138,loading
slow,2.88,1.7956964775464197,2.3466828176503864,11,3.244531056423592,0.7297087750235446,1.0363567061268952,loading
slow,2.9,1.8083922003861606,2.36101868889999,11,3.2652147890930685,0.7279847864093646,1.032226005443615,loading
slow,2.92,1.8210610093273356,2.3752855865821503,11,3.2858160912458207,0.7262676684602563,1.0281127688949177,loading
slow,2.94,1.8337030097959328,2.389483806486988,11,3.306335311384956,0.7245573921281105,1.0240169222828222,loading
slow,2.96,1.8463183067728668,2.403613643146684,11,3.3267727965331133,0.7228539284882181,1.0199383917295357,loading
slow,2.98,1.8589070047958618,2.417675389840829,11,3.3471288922387545,0.7211572487387451,1.0158771036956615,loading
slow,3.0,1.8714692079613418,2.4316693386017465,11,3.3674039425824183,0.7194673242002091,1.0118329849273522,loading
slow,3.02,1.8840050199262972,2.445595780219798,11,3.387598290182949,0.7177841263149605,1.0078059624749613,loading
slow,3.04,1.8965145439101594,2.459455004248653,11,3.4077122762037324,0.7161076266466648,1.0037959637112515,loading
slow,3.06,1.9089978826966547,2.4732472990105525,11,3.4277462403588776,0.714437796879789,0.9998029163469369,loading
slow,3.08,1.9214551386356522,2.486972951601539,11,3.4477005209193603,0.712774608819081,0.9958267483316519,loading
slow,3.1,1.9338864136450127,2.500632247896666,11,3.467575454719168,0.7111180343890684,0.9918673879885098,loading
slow,3.12,1.9462918092124237,2.514225472555191,11,3.4873713771613937,0.7094680456335432,0.9879247639124067,loading
slow,3.14,1.9586714263972187,2.5277529090257413,11,3.5070886222243436,0.7078246147150554,0.9839988050086568,loading
slow,3.16,1.9710253658322063,2.5412148395514618,11,3.5267275224675623,0.7061877139144102,0.9800894404832228,loading
slow,3.18,1.966183983408305,2.528906952087475,10,3.511998943791628,0.7074141137592131,0.9683089021854663,loading
slow,3.2,1.9783827025973295,2.5421339793858504,10,3.5313253306845183,0.7058032659239064,0.9645217713951659,loading
slow,3.22,1.990556828705973,2.5552977263340506,10,3.5505761406870375,0.7041987174772055,0.9607504135047407,loading
slow,3.24,2.0027064559699266,2.5683984605784747,10,3.569751688563436,0.7026004421832539,0.9569947624838981,loading
slow,3.2600000000000002,2.014831678233085,2.58143644864367,10,3.588852287760214,0.70100841391603,0.9532547525736845,loading
slow,3.2800000000000002,2.0269325889492045,2.5944119559370296,10,3.6078782504116296,0.6994226066588893,0.9495303183015835,loading
slow,3.3000000000000003,2.0390092811835174,2.6073252467534704,10,3.6268298873452247,0.697842994504102,0.9458213944490979,loading
slow,3.3200000000000003,2.051061847614374,2.620176584280097,10,3.645707508087279,0.6962695516524017,0.9421279160992668,loading
slow,3.34,2.063090380534849,2.6329662306008355,10,3.664511420868257,0.6947022524125264,0.9384498185744938,loading
slow,3.36,2.075094971854366,2.645694446701065,10,3.683241932628245,0.6931410712007706,0.9347870374916134,loading
slow,3.38,2.087075713100292,2.658361492472204,10,3.701899349022353,0.691585982540532,0.9311395087374663,loading
slow,3.4,2.0990755107462746,2.671031830437266,11,3.7205695858103964,0.69003101463796,0.9417614659175122,loading
slow,3.42,2.1111509410661515,2.6837901435688942,11,3.7393656141019704,0.6884643680362004,0.9380305363744235,loading
slow,3.44,2.1232018721066375,2.6964862534030023,11,3.7580871894563175,0.6869039271597024,0.9343153727456865,loading
slow,3.46,2.135228399105369,2.7091204269354563,11,3.7767346264881345,0.6853496657849942,0.930615908064869,loading
slow,3.48,2.147230616898179,2.721692930026562,11,3.79530823847565,0.6838015577999994,0.926932075641762,loading
slow,3.5,2.159208619920811,2.7342040274058985,11,3.8138083373662997,0.6822595772035638,0.9232638090650447,loading
slow,3.52,2.1711625022106062,2.7466539826771115,11,3.832235233782412,0.6807236981049845,0.9196110422262649,loading
slow,3.54,2.1830923574082046,2.759043058322707,11,3.850589237026807,0.6791938947235394,0.9159737092803155,loading
slow,3.56,2.1949982787592237,2.7713715157088115,11,3.8688706550884175,0.67767014138802,0.9123517446574247,loading
slow,3.58,2.2068803591159387,2.7836396150899203,11,3.887079794647888,0.6761524125362667,0.908745083088025,loading
slow,3.6,2.2187386909389595,2.7958476156136234,11,3.905216961083099,0.674640682714704,0.9051536595481302,loading
slow,3.62,2.2305733662988825,2.807995775325303,11,3.9232824584747386,0.6731349265778817,0.9015774093175111,loading
slow,3.64,2.2423844768779553,2.8200843511728237,11,3.941276589611798,0.671635118888013,0.8980162679534942,loading
slow,3.66,2.1919425625495563,2.7387926054935727,10,3.8347638867683487,0.6805118410312565,0.9059791434267161,loading
slow,3.68,2.203728712719073,2.7509820462759924,10,3.8528464026355254,0.6790046707206425,0.902451283235628,loading
slow,3.7,2.215491821426628,2.763112604907622,10,3.870858515620934,0.6775033685408081,0.8989381106299099,loading
slow,3.72,2.227231976467582,2.775184530596423,10,3.888800518830211,0.6760079100611591,0.8954395641196378,loading
slow,3.74,2.2389492652724616,2.787198071505733,10,3.906672704141962,0.6745182709533759,0.8919555824737913,loading
slow,3.7600000000000002,2.250643774908486,2.799153474758647,10,3.9244753622128914,0.673034426990986,0.8884861047242509,loading
slow,3.7800000000000002,2.2623155920810927,2.811050986442367,10,3.94220878248291,0.6715563540489371,0.88503107015514,loading
slow,3.8000000000000003,2.2739648031354385,2.822890851612549,10,3.959873253180268,0.6700840281031684,0.8815904182890577,loading
slow,3.8200000000000003,2.285591494057929,2.8346733142976244,10,3.9774690613265857,0.6686174252301955,0.8781640889310438,loading
slow,3.84,2.2971957504777,2.84639861750309,10,3.994996492741938,0.6671565216066819,0.8747520221201732,loading
slow,3.86,2.30877765766812,2.8580670032158073,10,4.0124558320498664,0.665701293509023,0.8713541581428785,loading
slow,3.88,2.320337300548287,2.8696787124082617,10,4.029847362682409,0.6642517173129285,0.8679704375511577,loading
slow,3.9,2.3318747636844996,2.8812339850428166,10,4.047171366885058,0.662807769493005,0.8646008011172768,loading
slow,3.92,2.343390131291738,2.892733060075931,10,4.064428125721797,0.6613694266223429,0.8612451899114859,loading
slow,3.94,2.3548834872351367,2.9041761754623914,10,4.081617919079956,0.6599366653721035,0.8579035451985462,loading
slow,3.96,2.366354915031449,2.915563568159496,10,4.098741025675221,0.6585094625111085,0.8545758085221067,loading
slow,3.98,2.3778044978505015,2.926895474131235,10,4.115797723056483,0.6570877949054306,0.8512619216505257,loading
slow,4.0,2.3892323185166493,2.9381721283524516,10,4.1327882876107775,0.6556716395179862,0.8479618266123978,loading
slow,4.0200000000000005,2.400638459510219,2.949393764812987,10,4.149712994568093,0.654260973408131,0.8446754656645794,loading
slow,4.04,2.412023002968951,2.9605606165217973,10,4.166572118006268,0.652855773731255,0.8414027813277158,loading
slow,4.0600000000000005,2.423386030689434,2.971672915511074,10,4.183365930855791,0.6514560177383792,0.8381437163409444,loading
slow,4.08,2.4347276241285307,2.982730892840332,10,4.2000947049046005,0.6500616827757573,0.8348982136885397,loading
slow,4.1,2.446047864404804,2.9937347786004818,10,4.216758710802882,0.6486727462844755,0.8316662165874789,loading
slow,4.12,2.4573468322999226,3.0046848019178825,10,4.233358218067844,0.6472891858000571,0.8284476685282982,loading
slow,4.14,2.468624608260086,3.0155811909583896,10,4.249893495088434,0.6459109789520623,0.8252425131818342,loading
slow,4.16,2.4798812723974173,3.026424172931374,10,4.26636480913008,0.6445381034637014,0.8220506944960349,loading
slow,4.18,2.4911169044913652,3.0372139740937265,10,4.282772426339408,0.6431705371514362,0.8188721566426693,loading
slow,4.2,2.502331583990097,3.047950819753855,10,4.299116611748898,0.6418082579245941,0.8157068440262094,loading
slow,4.22,2.5135253900118837,3.0586349342756516,10,4.315397629281595,0.6404512437849743,0.812554701285606,loading
slow,4.24,2.524698401346482,3.0692665410824467,10,4.331615741755687,0.6390994728264665,0.8094156732862956,loading
slow,4.26,2.5358506964565084,3.0798458626609513,10,4.347771210889205,0.6377529232346602,0.8062897051264173,loading
slow,4.28,2.5469823534788087,3.090373120565186,10,4.363864297304586,0.6364115732864624,0.8031767421350366,loading
slow,4.3,2.5580934502258224,3.100848535420374,10,4.3798952605332815,0.6350754013497169,0.8000767298845801,loading
slow,4.32,2.5691840641869383,3.1112723269268483,10,4.3958643590203135,0.63374438588282,0.7969896141526434,loading
slow,4.34,2.555404127525156,3.0844160124255224,9,4.362118076188096,0.636555935045739,0.7892967369658166,loading
slow,4.36,2.5663709470497693,3.0946871302538184,9,4.377872603778698,0.6352428086449646,0.7863075182736878,loading
slow,4.38,2.577318184735816,3.10490838298835,9,4.393567475356254,0.6339346545966829,0.7833305164473003,loading
slow,4.4,2.588245912726885,3.1150799783668104,9,4.40920293473025,0.6326314525792494,0.7803656812432891,loading
slow,4.42,2.5991542028724446,3.1252021232710896,9,4.424779224707308,0.6313331823546096,0.7774129626216819,loading
slow,4.44,2.6100431267290443,3.1352750237307876,9,4.440296587095308,0.6300398237679523,0.7744723107352414,loading
slow,4.46,2.6209127555615233,3.1452988849267283,9,4.45575526270749,0.6287513567473717,0.7715436759516692,loading
slow,4.48,2.631763160344212,3.1552739111944605,9,4.4711554913665665,0.6274677613035229,0.7686270088402836,loading
slow,4.5,2.6425944117621203,3.1652003060277245,9,4.486497511908789,0.6261890175292824,0.7657222601782365,loading
slow,4.5200000000000005,2.6534065802121365,3.1750782720819255,9,4.501781562187997,0.6249151055994118,0.7628293809380793,loading
slow,4.54,2.664199735804205,3.1849080111775785,9,4.517007879079683,0.623646005770218,0.7599483223001968,loading
slow,4.5600000000000005,2.674973948362508,3.194689724303747,9,4.532176698484996,0.6223816983792192,0.7570790356261625,loading
slow,4.58,2.6857292874266445,3.2044236116214693,9,4.5472882553347835,0.6211221638448121,0.7542214725289043,loading
slow,4.6000000000000005,2.696465822252792,3.2141098724671555,9,4.562342783593551,0.6198673826659344,0.7513755847634584,loading
slow,4.62,2.7071836218148846,3.2237487053559977,9,4.577340516263437,0.618617335421739,0.7485413243042416,loading
slow,4.64,2.7178827548057587,3.2333403079853364,9,4.592281685388212,0.6173720027712606,0.745718643338833,loading
slow,4.66,2.7285632896383234,3.2428848772380334,9,4.607166522057191,0.6161313654530864,0.7429074942288949,loading
slow,4.68,2.708207339081749,3.2059276549028763,8,4.560031324443749,0.620058692842963,0.7356385593055847,loading
slow,4.7,2.718760118333927,3.2153355530234955,8,4.574715612190456,0.6188347762816468,0.732927570219033,loading
slow,4.72,2.729295229876211,3.224698179085916,8,4.589345794024016,0.6176153694495685,0.7302274188383251,loading
slow,4.74,2.6597580342203244,3.113987687337334,7,4.443866704447492,0.6297392257784755,0.7374137891984489,loading
slow,4.76,2.6702370036562755,3.1234686777322413,7,4.458587179560379,0.628512299014943,0.7347677396953856,loading
slow,4.78,2.680709484599795,3.132921016991716,8,4.4732757592916155,0.6272897741770163,0.7530494158096701,binding
slow,4.8,2.6914143090782368,3.1427026759627648,9,4.488409830501878,0.6260297893324787,0.7673024916208249,loading
slow,4.82,2.7022197620776343,3.152615529193218,9,4.5037254102320325,0.6247532493521037,0.7644024572766028,loading
slow,4.84,2.7130061656487303,3.162480030959832,9,4.518983113784188,0.6234815333740833,0.7615142731873803,loading
slow,4.86,2.723773589787445,3.1722963827577813,9,4.534183177651503,0.6222146216865934,0.7586378906232483,loading
slow,4.88,2.7345221042044052,3.1820647852521367,9,4.54932583735434,0.6209524946588922,0.7557732610461443,loading
slow,4.9,2.7452517783261072,3.191785438281274,9,4.564411327444322,0.6196951327409808,0.7529203360903125,loading
slow,4.92,2.755962681296081,3.201458540860272,9,4.57943988150831,0.6184425164632763,0.7500790676253644,loading
slow,4.94,2.7666548819760752,3.211084291184317,9,4.59441173217235,0.61719462643628,0.7472494077109815,loading
slow,4.96,2.7773284489471948,3.220662886632064,9,4.609327111105658,0.6159514433502447,0.7444313085933629,loading
slow,4.98,2.7879834505110637,3.230194523769,9,4.624186249024533,0.614712947974849,0.7416247227212125,loading
slow,5.0,2.798619954690974,3.2396793983507974,9,4.6389893756962834,0.6134791211588708,0.7388296027333041,loading
slow,5.0200000000000005,2.809238029233029,3.249117705326637,9,4.653736719943151,0.6122499438298605,0.7360459014762455,loading
slow,5.04,2.8198377416072873,3.2585096388425376,9,4.668428509646182,0.6110253969938155,0.7332735719671746,loading
slow,5.0600000000000005,2.8304191590088905,3.2678553922446527,9,4.683064971749102,0.6098054617348629,0.7305125674577084,loading
slow,5.08,2.840982348359198,3.277155158082572,9,4.697646332262168,0.6085901192149301,0.7277628413300263,loading
slow,5.1000000000000005,2.851527376306919,3.286409128112588,9,4.712172816266045,0.6073793506734326,0.7250243472354256,loading
slow,5.12,2.862054309229217,3.2956174933009765,9,4.726644647915584,0.606173137426947,0.7222970389477723,loading
slow,5.14,2.872563213232848,3.3047804438272372,9,4.741062050443661,0.6049714608689007,0.7195808704700823,loading
slow,5.16,2.8830541541552535,3.3138981690873357,9,4.755425246164958,0.6037743024692506,0.7168757959652439,loading
slow,5.18,2.893527197565678,3.3229708576969252,9,4.769734456479763,0.602581643774172,0.7141817698270714,loading
slow,5.2,2.903982408766275,3.3319986974945666,9,4.783989901877705,0.6013934664057408,0.7114987465950406,loading
slow,5.22,2.914419852793195,3.340981875544911,9,4.798191801941508,0.6002097520616265,0.7088266810262311,loading
slow,5.24,2.9248395944176817,3.3499205781419086,9,4.812340375350748,0.5990304825147741,0.7061655280367063,loading
slow,5.26,2.935287305070524,3.3588833772503377,10,4.826527029785601,0.5978491247805682,0.7165271524200989,loading
slow,5.28,2.9458015887112303,3.367927983757493,10,4.840828778113111,0.5966570840410397,0.7137866055861863,loading
slow,5.3,2.956297548557542,3.3769270609216147,10,4.855075835200386,0.5954696018542052,0.7110574508484291,loading
slow,5.32,2.966775252847313,3.3858808019648126,10,4.869268428388467,0.5942866592710057,0.7083396405338505,loading
slow,5.34,2.977234769535407,3.3947893992990767,10,4.883406784066779,0.5931082374216976,0.7056331271515504,loading
slow,5.36,2.987676166294891,3.4036530445296864,10,4.897491127677127,0.591934317515523,0.702937863401587,loading
slow,5.38,2.998099510518202,3.412471928458566,10,4.911521683717668,0.5907648808403796,0.7002538022238269,loading
slow,5.4,3.0085048693183296,3.4212462410876747,10,4.925498675746844,0.589599908762489,0.6975808967135677,loading
slow,5.42,3.0188923095299884,3.4299761716223416,10,4.939422326387337,0.588439382726069,0.6949191001659472,loading
slow,5.44,3.029261897710775,3.4386619084746046,10,4.953292857329994,0.587283284253008,0.6922683660892659,loading
slow,5.46,3.0396137001423256,3.4473036392665377,10,4.967110489337703,0.5861315949425396,0.689628648178342,loading
slow,5.48,3.0499477828314863,3.455901550833557,10,4.980875442249304,0.5849842964709191,0.6869999003322746,loading
slow,5.5,3.0602642115114467,3.4644558292277154,10,4.994587934983441,0.5838413705910968,0.6843820766011532,loading
slow,5.5200000000000005,3.070563051642891,3.472966659720987,10,5.008248185542432,0.5827027991324061,0.6817751313059617,loading
slow,5.54,3.0808443684151428,3.4814342268085348,10,5.021856411016108,0.5815685640002308,0.6791790188787061,loading
slow,5.5600000000000005,3.091108226747293,3.489858714211952,10,5.035412827585604,0.5804386471756986,0.6765936939867601,loading
slow,5.58,3.1013546912893357,3.498240304882521,10,5.048917650527187,0.5793130307153573,0.6740191114751326,loading
slow,5.6000000000000005,3.1115838264232885,3.506579181004426,10,5.062371094216074,0.5781916967508596,0.671455226388673,loading
slow,5.62,3.1217956962643303,3.51487552399798,10,5.0757733721301435,0.5770746274886491,0.6689019939321028,loading
slow,5.64,3.131990364661892,3.5231295145228043,10,5.089124696853751,0.5759618052096489,0.6663593695366288,loading
slow,5.66,3.142167895200794,3.5313413324810345,10,5.1024252800814285,0.5748532122689471,0.66382730879333,loading
slow,5.68,3.152328351202332,3.539511157020481,10,5.11567533262165,0.5737488310954866,0.6613057674886846,loading
slow,5.7,3.162471795725402,3.547639166537796,10,5.1288750644004955,0.5726486441917569,0.658794701577925,loading
slow,5.72,3.1725982915675743,3.5557255386816116,10,5.142024684465398,0.5715526341334867,0.6562940672383277,loading
slow,5.74,3.182707901266209,3.563770450355684,10,5.155124400988784,0.570460783569334,0.6538038207937191,loading
slow,5.76,3.1928006870995276,3.5717740777220057,10,5.168174421271767,0.5693730752205826,0.6513239187588837,loading
slow,5.78,3.202876711087711,3.5797365962039116,10,5.1811749517477645,0.568289491880841,0.6488543178573281,loading
slow,5.8,3.2129360349939713,3.587658180489178,10,5.19412619798616,0.5672100164157319,0.6463949749413445,loading
slow,5.82,3.2229787203256226,3.595539004533097,10,5.207028364695905,0.5661346317626006,0.6439458471119153,loading
slow,5.84,3.2330048283351687,3.603379241561558,10,5.219881655729135,0.5650633209302034,0.6415068915766042,loading
slow,5.86,3.243014420021357,3.6111790640740913,10,5.232686274084779,0.5639960669984192,0.6390780658094286,loading
slow,5.88,3.253007556130239,3.6189386438469144,10,5.245442421912037,0.5629328531179432,0.6366593273554599,loading
slow,5.9,3.2629842971562315,3.626658151935952,10,5.258150300514064,0.561873662509996,0.6342506340173415,loading
slow,5.92,3.272944703343171,3.6343377586798713,10,5.2708101103514515,0.5608184784660248,0.6318519437487069,loading
slow,5.94,3.282888834685359,3.6419776337030667,10,5.28342205104575,0.5597672843474135,0.6294632147119117,loading
slow,5.96,3.292816750928612,3.649577945918679,10,5.295986321382977,0.5587200635851817,0.6270844051581292,loading
slow,5.98,3.302728511571294,3.6571388635315407,10,5.308503119317187,0.5576767996797023,0.6247154736138683,loading
slow,6.0,3.312624175865354,3.6646605540411694,10,5.320972641973847,0.5566374762004054,0.6223563787122188,loading
slow,6.0200000000000005,3.3225038028173604,3.6721431842447108,10,5.33339508565339,0.5556020767854926,0.6200070792994339,loading
slow,6.04,3.3323674511895245,3.6795869202398777,10,5.3457706458346355,0.5545705851416429,0.6176675343505522,loading
slow,6.0600000000000005,3.342215179500725,3.6869919274278886,10,5.358099517178245,0.5535429850437359,0.6153377030759799,loading
slow,6.08,3.352047046027524,3.694358370516376,10,5.370381893530141,0.552519260334555,0.6130175448015862,loading
slow,6.1000000000000005,3.3153065464867915,3.63191788267154,9,5.289571155914935,0.5592539037638229,0.6180010808094494,loading
slow,6.12,3.325110160861822,3.6393520279871376,9,5.3019071084180425,0.5582257168207418,0.6157102669437364,loading
slow,6.140000000000001,3.334898331323659,3.646748177164941,9,5.314197342826763,0.5572013404975806,0.6134287977292985,loading
slow,6.16,3.344671113200338,3.6541064890303474,9,5.326442045630518,0.5561807592503538,0.6111566347648534,loading
slow,6.18,3.3545018808120233,3.661537029076677,10,5.338787969482683,0.5551526810387681,0.6201419479010539,loading
slow,6.2,3.3643562702102248,3.6689880816016394,10,5.351166216706744,0.5541209653927617,0.6178014198852111,loading
slow,6.22,3.374194737046299,3.676400386953019,10,5.363497755476163,0.5530931429278005,0.6154706097705187,loading
slow,6.24,3.3840173396209448,3.683774109911318,10,5.375782779721794,0.5520691974795919,0.6131494768979451,loading
slow,6.26,3.3938241359934587,3.6911094145660592,10,5.388021482562784,0.5510491129514969,0.6108379807479025,loading
slow,6.28,3.4036151839827298,3.69840646431867,10,5.400214056310033,0.5500328733142481,0.6085360810104135,loading
slow,6.3,3.4133905411682655,3.705665421885384,10,5.4123606924695125,0.5490204626056656,0.6062437374989571,loading
slow,6.32,3.4231502648911807,3.712886449300101,10,5.424461581745699,0.5480118649303785,0.6039609102392873,loading
slow,6.34,3.4328944122552016,3.7200697079172422,10,5.436516914044844,0.547007064459544,0.601687559371733,loading
slow,6.36,3.44262304012765,3.7272153584146013,10,5.448526878478428,0.5460060454305691,0.5994236452577795,loading
slow,6.38,3.4523362051404476,3.734323560796178,10,5.4604916633664,0.5450087921468325,0.5971691283912506,loading
slow,6.4,3.462033963691086,3.741394474395002,10,5.472411456240547,0.5440152889774099,0.5949239694658104,loading
slow,6.42,3.471716371943616,3.7484282578759367,10,5.484286443847739,0.5430255203567942,0.5926881292692698,loading
slow,6.44,3.481383485829621,3.755425069238483,10,5.496116812153291,0.5420394707846283,0.5904615688301362,loading
slow,6.46,3.491035361049196,3.7623850658195725,10,5.5079027463441665,0.5410571248254288,0.5882442493110318,loading
slow,6.48,3.500672053071902,3.7693084042963254,10,5.519644430832282,0.5400784671083134,0.5860361320442209,loading
slow,6.5,3.5102936171377532,3.7761952406888386,10,5.531342049257724,0.5391034823267293,0.5838371784747665,loading
slow,6.5200000000000005,3.5199001082581525,3.783045730362918,10,5.542995784491995,0.5381321552381908,0.581647350283987,loading
slow,6.54,3.529491581216867,3.7898600280328205,10,5.554605818641258,0.5371644706640017,0.5794666092793221,loading
slow,6.5600000000000005,3.539068090570966,3.7966382877639915,10,5.5661723330494794,0.536200413488995,0.5772949174209785,loading
slow,6.58,3.5486296906517882,3.803380662975781,10,5.577695508301677,0.5352399686612626,0.57513223682637,loading
slow,6.6000000000000005,3.558176435565862,3.810087306444147,10,5.589175524227077,0.534283121191893,0.5729785297923229,loading
slow,6.62,3.567708379195869,3.816758370304353,10,5.600612559902287,0.5333298561547068,0.5708337587684298,loading
slow,6.640000000000001,3.5772255752015667,3.8233940060536487,10,5.612006793654434,0.5323801586859938,0.5686978863579384,loading
slow,6.66,3.586728077020725,3.8299943645539423,10,5.6233584030643105,0.5314340139842499,0.5665708753088694,loading
slow,6.68,3.5962159378700598,3.8365595960344745,10,5.634667564969499,0.5304914073099183,0.5644526885184575,loading
slow,6.7,3.605689210746146,3.8430898500944406,10,5.645934455467518,0.5295523239851314,0.5623432890953239,loading
slow,6.72,3.615147948426353,3.849585275705658,10,5.657159249918834,0.5286167493934486,0.5602426402173677,loading
slow,6.74,3.6245922034697493,3.8560460212151795,10,5.668342122950051,0.527684668979604,0.5581507052987433,loading
slow,6.76,3.634022028218027,3.8624722343479165,10,5.679483248456929,0.526756068249244,0.5560674478566341,loading
slow,6.78,3.643437474796402,3.8688640622092416,10,5.690582799607448,0.5258309327686779,0.5539928315823062,loading
slow,6.8,3.6528385951145275,3.8752216512875837,10,5.701640948844847,0.5249092481646214,0.5519268203038052,loading
slow,6.82,3.662225440867388,3.881545147457008,10,5.712657867890705,0.5239910001239423,0.5498693780126018,loading
slow,6.84,3.671598063536205,3.8878346959798016,10,5.723633727747902,0.5230761743934105,0.5478204688280641,loading
slow,6.86,3.6809565143893224,3.894090441509019,10,5.734568698703674,0.5221647567794496,0.5457800570685123,loading
slow,6.88,3.690300844483108,3.900312528091054,10,5.745462950332602,0.5212567331478788,0.5437481071481898,loading
slow,6.9,3.699631104662833,3.9065010991681657,10,5.756316651499581,0.5203520894236737,0.5417245836660811,loading
slow,6.92,3.7089473455635638,3.9126562975810195,10,5.767129970362799,0.5194508115907139,0.5397094513668321,loading
slow,6.94,3.7182496176110256,3.918778265571194,10,5.777903074376715,0.518552885691534,0.5377026751229863,loading
slow,6.96,3.7275379710224996,3.9248671447837085,10,5.788636130294952,0.5176582978270827,0.5357042199438666,loading
slow,6.98,3.736812455807666,3.9309230762694916,10,5.799329304173327,0.5167670341564763,0.5337140510413008,loading
slow,7.0,3.746073121769504,3.9369462004879083,10,5.809982761372652,0.5158790808967542,0.5317321337017233,loading
slow,7.0200000000000005,3.755320018505138,3.9429366573092124,10,5.820596666561778,0.5149944243226379,0.5297584334318373,loading
slow,7.04,3.7645531954067035,3.9488945860170195,10,5.831171183720366,0.5141130507662872,0.5277929158129524,loading
slow,7.0600000000000005,3.7737727016622085,3.9548201253107695,10,5.841706476141869,0.5132349466170634,0.5258355466288833,loading
slow,7.08,3.782978586256375,3.960713413308163,10,5.852202706436351,0.512360098321283,0.5238862917487097,loading
slow,7.1000000000000005,3.792170897971509,3.966574587547614,10,5.862660036533377,0.511488492381988,0.5219451172333578,loading
slow,7.12,3.8013496853883293,3.9724037849906604,10,5.873078627684819,0.5106201153587018,0.5200119892414534,loading
slow,7.140000000000001,3.8105149968868197,3.9782011420243886,10,5.883458640467801,0.5097549538671959,0.5180868741518907,loading
slow,7.16,3.819666880647068,3.983966794463839,10,5.893800234787374,0.5088929945792506,0.5161697383826436,loading
slow,7.18,3.828805384650103,3.989700877554403,10,5.904103569879453,0.5080342242224256,0.5142605485595197,loading
slow,7.2,3.8379305566787245,3.995403525974208,10,5.914368804313568,0.5071786295798224,0.5123592714362246,loading
slow,7.22,3.847042444318337,4.001074873836489,10,5.924596095995657,0.5063261974898527,0.5104658738908086,loading
slow,7.24,3.8561410949577652,4.006715054691962,10,5.934785602170848,0.5054769148460079,0.5085803229434305,loading
slow,7.26,3.8652265557900947,4.012324201531178,10,5.944937479426228,0.5046307685966289,0.5067025857741214,loading
slow,7.28,3.874298873813469,4.017902446786865,10,5.955051883693603,0.5037877457446724,0.5048326296730465,loading
slow,7.3,3.8833580958319285,4.023449922336278,10,5.965128970252239,0.5029478333474857,0.5029704220671505,loading
slow,7.32,3.8924042684561986,4.0289667595035015,10,5.97516889373161,0.5021110185165796,0.5011159305645663,loading
slow,7.34,3.9014374381045176,4.034453089061795,10,5.98517180811406,0.5012772884173982,0.4992691228373758,loading
slow,7.36,3.9104576510034317,4.03990904123588,10,5.99513786673759,0.500446630269096,0.49742996674240203,loading
slow,7.38,3.9194649531885997,4.045334745704241,10,6.005067222298543,0.4996190313443112,0.4955984302768002,loading
slow,7.4,3.9285163867062955,4.050815761763731,11,6.015073955116871,0.4987856161590086,0.5013490249750063,loading
slow,7.42,3.9375735832936467,4.05629444130594,11,6.025081232952759,0.4979515200732596,0.4994738318746528,loading
slow,7.44,3.946617532642083,4.061742323450333,11,6.035051089771384,0.4971205430626715,0.4976065234423288,loading
slow,7.46,3.9556482826915644,4.0671595415681825,11,6.0449836829139585,0.49629267201268357,0.4957470661608454,loading
slow,7.48,3.964665881181073,4.07254622846312,11,6.054879169053654,0.4954678938644226,0.4938954267252882,loading
slow,7.5,3.9736703756494904,4.077902516373579,11,6.064737704198311,0.4946461956144673,0.4920515719195606,loading
slow,7.5200000000000005,3.982661813436419,4.083228536975157,11,6.074559443693362,0.49382756431461183,0.49021546870342547,loading
slow,7.54,3.9916402416830508,4.088524421383056,11,6.084344542224578,0.49301198707163063,0.4883870841450033,loading
slow,7.5600000000000005,4.000605707332994,4.093790300154431,11,6.094093153820917,0.4921994510470472,0.48656638548383313,loading
slow,7.58,4.0095582571331185,4.099026303290762,11,6.1038054318573245,0.4913899434568961,0.4847533400784698,loading
slow,7.6000000000000005,4.018497937634395,4.1042325602402325,11,6.113481529057428,0.4905834515714994,0.4829479154215832,loading
slow,7.62,4.027424795192713,4.109409199900067,11,6.123121597496426,0.4897799627152294,0.48115007917903796,loading
slow,7.640000000000001,4.036338875969731,4.11455635061889,11,6.132725788603747,0.48897946426627914,0.4793597990975229,loading
slow,7.66,4.045240225933679,4.119674140199034,11,6.142294253165869,0.4881819436564373,0.47757704311646165,loading
slow,7.68,4.054128890860186,4.124762695898876,11,6.1518271413289645,0.4873873883708605,0.4758017792898528,loading
slow,7.7,4.06300491633311,4.129822144435154,11,6.161324602601706,0.48659578594784014,0.4740339757871581,loading
slow,7.72,4.071868347745337,4.134852611985254,11,6.170786785857922,0.4858071239785865,0.472273600959916,loading
slow,7.74,4.080719230299593,4.139854224189512,11,6.180213839339312,0.4850213901069932,0.4705206232307191,loading
slow,7.76,4.089557609009264,4.144827106153498,11,6.189605910658138,0.484238572029422,0.46877501120157206,loading
slow,7.78,4.098383528699186,4.149771382450291,11,6.198963146799874,0.48345865749447736,0.4670367336023773,loading
slow,7.8,4.107197034006447,4.154687177122726,11,6.208285694125952,0.4826816343027799,0.4653057593104748,loading
slow,7.82,4.115998169381195,4.159574613685671,11,6.217573698376266,0.48190749030675073,0.46358205727425883,loading
slow,7.84,4.124786979087421,4.164433815128255,11,6.2268273046719536,0.4811362134103909,0.46186559664462834,loading
slow,7.86,4.133563507203746,4.169264903916103,11,6.2360466575179725,0.4803677915690594,0.46015634668528094,loading
slow,7.88,4.142327797624228,4.174068001993563,11,6.245231900805676,0.4796022127892553,0.4584542767398503,loading
slow,7.9,4.151079894059119,4.178843230785937,11,6.254383177815496,0.47883946512840503,0.45675935635713927,loading
slow,7.92,4.159819840035663,4.1835907112016635,11,6.263500631219478,0.47807953669463876,0.4550715551427942,loading
slow,7.94,4.168547678898863,4.188310563634523,11,6.272584403083953,0.4773224156465825,0.4533908429431577,loading
slow,7.96,4.177263453812268,4.193002907965836,11,6.281634634871973,0.47656809019313406,0.45171718958236795,loading
slow,7.98,4.185967207758724,4.197667863566617,11,6.290651467445988,0.47581654859326084,0.4500505651181541,loading
slow,8.0,4.19465898354116,4.202305549299778,11,6.299635041070355,0.4750677791557797,0.44839093971216215,loading
slow,8.02,4.203338823783337,4.206916083522254,11,6.308585495413928,0.4743217702391428,0.44673828364238943,loading
slow,8.040000000000001,4.212006770930623,4.2114995840871785,11,6.317502969552496,0.4735785102512353,0.4450925673200601,loading
slow,8.06,4.220662867250731,4.216056168346003,11,6.326387601971373,0.47283798764915863,0.4434537612763023,loading
slow,8.08,4.229307154834487,4.220585953150649,11,6.335239530567889,0.472100190939023,0.44182183616481296,loading
slow,8.1,4.237939675596586,4.2250890548556175,11,6.344058892653903,0.4713651086757391,0.4401967627725156,loading
slow,8.120000000000001,4.246560471276323,4.22956558932012,11,6.352845824958279,0.47063272946281376,0.43857851204442966,loading
slow,8.14,4.255169583438347,4.234015671910158,11,6.361600463629333,0.4699030419521367,0.43696705497353605,loading
slow,8.16,4.263767053473405,4.238439417500645,11,6.37032294423734,0.46917603484378,0.4353623627002534,loading
slow,8.18,4.272352922599071,4.242836940477472,11,6.37901340177701,0.4684516968857956,0.4337644065568469,loading
slow,8.2,4.280927231860495,4.247208354739615,11,6.387671970669866,0.46773001687400406,0.4321731579146615,loading
slow,8.22,4.289490022131119,4.251553773701172,11,6.396298784766721,0.46701098365179605,0.4305885882729399,loading
slow,8.24,4.298041334113407,4.255873310293431,11,6.404893977350133,0.4662945861099329,0.4290106693281004,loading
slow,8.26,4.306581208339596,4.260167076966951,11,6.413457681136742,0.4655808131863378,0.4274393727961012,loading
slow,8.28,4.315109685172381,4.264435185693563,11,6.421990028279742,0.46486965386590307,0.4258746705785299,loading
slow,8.3,4.3236268048056665,4.26867774796844,11,6.4304911503712665,0.46416109718028464,0.42431653468266717,loading
slow,8.32,4.33213260726526,4.272894874812102,11,6.43896117844472,0.4634551322077084,0.4227649372205988,loading
slow,8.34,4.3406271324095975,4.277086676772433,11,6.447400242977226,0.46275174807276864,0.42121985045007193,loading
slow,8.36,4.349110419930453,4.281253263926707,11,6.455808473891927,0.4620509339462324,0.41968124671587503,loading
slow,8.38,4.357582509353643,4.2853947458835755,11,6.4641860005603995,0.4613526790448401,0.4181490984809244,loading
slow,8.4,4.366043440039734,4.289511231785065,11,6.472532951804921,0.4606569726311204,0.4166233783653439,loading
slow,8.42,4.374493251184738,4.293602830308551,11,6.480849455900914,0.45996380401317893,0.415104059062088,loading
slow,8.44,4.382931981820818,4.297669649668742,11,6.489135640579151,0.4592731625445212,0.4135911134053316,loading
slow,8.46,4.39135967081698,4.301711797619639,11,6.497391633028133,0.4585850376238495,0.4120845143278373,loading
slow,8.48,4.399776356879766,4.305729381456501,11,6.505617559896384,0.45789941869487405,0.41058423487250195,loading
slow,8.5,4.40818207855394,4.309722508017797,11,6.513813547294767,0.4572162952461235,0.40909024824831164,loading
slow,8.52,4.416576874223182,4.313691283687132,11,6.521979720798722,0.45653565681074826,0.40760252770066785,loading
slow,8.540000000000001,4.376842263623885,4.245533808276453,10,6.4339549400884,0.46387203284700484,0.4193342524576593,loading
slow,8.56,4.385275291359985,4.249688123836848,10,6.442325769516836,0.46317433797219776,0.4178251832094304,loading
slow,8.58,4.393697403156226,4.2538177815318265,10,6.450666483109934,0.46247915327022515,0.4163223526365556,loading
slow,8.6,4.402108636657129,4.257922887038149,10,6.458977205366718,0.4617864683639922,0.414825734624813,loading
slow,8.620000000000001,4.296445024028888,4.0911899031818875,10,6.239412415196329,0.48008723398256103,0.4592229870610254,loading
slow,8.64,4.305122056400972,4.096018239013784,10,6.248579267214252,0.4793231899956196,0.4575471616874438,loading
slow,8.66,4.313787181543823,4.100819084839778,10,6.257712675611696,0.4785619335551351,0.45587827331772246,loading
slow,8.68,4.322440441243664,4.105592558201593,10,6.2668127788234305,0.4778034531224571,0.45421629291553245,loading
slow,8.700000000000001,4.331081877114361,4.110338776147827,10,6.275879714705004,0.47704773720721183,0.4525611915457972,loading
slow,8.72,4.339711530598169,4.115057855236049,10,6.284913620535143,0.47629477436711143,0.4509129404794976,loading
slow,8.74,4.348329442966445,4.119749911534867,10,6.293914633018083,0.4755445532077429,0.44927151099827256,loading
slow,8.76,4.356935655320356,4.124415060625944,10,6.302882888286124,0.4747970623823735,0.4476368746058057,loading
slow,8.78,4.365530208591601,4.129053417606069,10,6.3118185219018645,0.4740522905917466,0.44600900282354417,loading
slow,8.8,4.3741131435431075,4.1336650970891595,10,6.32072166886071,0.473310226583891,0.44438786740208513,loading
slow,8.82,4.271131058582725,3.970945148949976,9,6.106510678241345,0.4911640133173122,0.4788380490916566,loading
slow,8.84,4.279883901209178,3.976127335661851,9,6.116069286266432,0.49036731867042416,0.4771103115226438,loading
slow,8.86,4.288624671348362,3.981281077733958,9,6.125593413408139,0.48957349801635475,0.4753896043956374,loading
slow,8.88,4.297353410767837,3.9864064945874085,9,6.135083199971321,0.48878253966062324,0.4736758988004297,loading
slow,8.9,4.306070161065868,3.991503705151033,9,6.1445387856839675,0.48799443195683045,0.47196916593339466,loading
slow,8.92,4.314774963672143,3.99657282786342,9,6.153960309699485,0.48720916330647024,0.4702693771276856,loading
slow,8.94,4.323467859848446,4.001613980674918,9,6.163347910599138,0.4864267221587243,0.4685765038301426,loading
slow,8.96,4.332148890689366,4.006627281049665,9,6.172701726394347,0.4856470970102723,0.4668905176155036,loading
slow,8.98,4.34081809712297,4.011612845967578,9,6.182021894529057,0.4848702764050906,0.46521139014465973,loading
slow,9.0,4.349475519911497,4.01657079192635,9,6.1913085518820985,0.4840962489342623,0.4635390932454797,loading
slow,9.02,4.358121199652032,4.021501234943431,9,6.200561834769439,0.4833250032357793,0.4618735987911293,loading
slow,9.040000000000001,4.231430702501665,3.8236103983663328,8,5.939325749617163,0.5050980441388593,0.5022792834736833,loading
slow,9.06,4.2402705304856525,3.8292173077126948,8,5.949352572955522,0.504262326714012,0.5004935236669894,loading
slow,9.08,4.249098130387111,3.834794690663187,8,5.959343755856738,0.5034295799185402,0.4987148792210405,loading
slow,9.1,4.257981329782709,3.840444286494827,9,5.969434951386182,0.5025894384325924,0.5082125772917223,loading
slow,9.120000000000001,4.266897032363065,3.8461312597312056,9,5.9795797759127405,0.5017438823055747,0.5063635796362931,loading
slow,9.14,4.275799956229974,3.851787721483753,9,5.989687699598736,0.5009014018760714,0.5045221115924647,loading
slow,9.16,4.284690146069444,3.8574137996764475,9,5.9997588727111655,0.5000619846192529,0.5026881422001139,loading
slow,9.18,4.293567646386201,3.863009621706014,9,6.009793444899113,0.49922561806179355,0.5008616406358968,loading
slow,9.200000000000001,4.302432501504416,3.8685753144440747,9,6.0197915651962814,0.49839228978165784,0.4990425761750572,loading
slow,9.22,4.311284755568451,3.874111004239314,9,6.029753382023538,0.49756198740789237,0.49723091824560584,loading
slow,9.24,4.320124452543588,3.879616816919635,9,6.039679043191435,0.49673469862041275,0.49542663638746376,loading
slow,9.26,4.328951636216784,3.8850928777943037,9,6.049568695902698,0.4959104111497975,0.4936297002675616,loading
slow,9.28,4.337766350197391,3.8905393116560796,9,6.059422486754773,0.4950891127770748,0.4918400796700695,loading
slow,9.3,4.346568637917887,3.895956242783343,9,6.06924056174229,0.49427079133352136,0.49005774454613515,loading
slow,9.32,4.355358542634601,3.901343794942208,9,6.0790230662595075,0.4934554347004495,0.4882826649010852,loading
slow,9.34,4.36413610742845,3.9067020913886443,9,6.088770145102867,0.49264303080900507,0.4865148109276518,loading
slow,9.36,4.372901375205647,3.9120312548705596,9,6.098481942473385,0.49183356763995945,0.4847541528985033,loading
slow,9.38,4.381654388698422,3.9173314076299057,9,6.108158601979121,0.4910270332235088,0.4830006612266402,loading
slow,9.4,4.390395190465739,3.9226026714047526,9,6.1178002666376115,0.49022341563906824,0.481254306429868,loading
slow,9.42,4.399123822894008,3.9278451674313657,9,6.127407078878366,0.4894227030150693,0.47951505919741066,loading
slow,9.44,4.4078403281978,3.9330590164462746,9,6.136979180545161,0.4886248835287589,0.477782890267342,loading
slow,9.46,4.4165447484205345,3.9382443386883157,9,6.146516712898575,0.4878299454059991,0.47605777056425325,loading
slow,9.48,4.31078872431795,3.771908881942832,8,5.927303244101808,0.5061003979410805,0.5080193947737399,loading
slow,9.5,4.319634180585737,3.7776275249443207,8,5.937444615237191,0.5052551328484984,0.506209419171455,loading
slow,9.52,4.328467278651775,3.783316223322312,8,5.947549862648201,0.5044128786673863,0.5044066568373751,loading
slow,9.540000000000001,4.337288060613172,3.7889750999887113,8,5.957619130295293,0.5035736233986206,0.5026110787387239,loading
slow,9.56,4.166268786570367,3.5250648909693734,7,5.60819928425455,0.532696266284439,0.5544796678176311,loading
slow,9.58,4.175331709001622,3.5316026017280433,7,5.619268456228846,0.5317736733118907,0.5525359715354838,loading
slow,9.6,4.1843817556369665,3.5381079557496053,7,5.630298833568089,0.530854313854497,0.5505998220538544,loading
slow,9.620000000000001,4.193418969496911,3.544581082149091,7,5.64129056689755,0.5299381753576866,0.5486711897901841,loading
slow,9.64,4.202443393435695,3.551022109534419,7,5.652243806252266,0.529025245316086,0.5467500452969176,loading
slow,9.66,4.211455070141962,3.5574311660083935,7,5.6631587010793725,0.528115511273322,0.5448363592375216,loading
slow,9.68,4.2204540421394,3.5638083791706863,7,5.674035400240381,0.5272089608218335,0.5429301023847088,loading
slow,9.700000000000001,4.22944035178738,3.5701538761197984,7,5.6848740520134875,0.5263055816026772,0.5410312456124444,loading
slow,9.72,4.238414041281619,3.576467783455042,7,5.695674804095837,0.5254053613053418,0.5391397599394665,loading
slow,9.74,4.247375152654795,3.5827502272784866,7,5.706437803605884,0.5245082876675493,0.5372556164768838,loading
slow,9.76,4.256323727777216,3.5890013331969213,7,5.71716319708553,0.5236143484750779,0.5353787864663673,loading
slow,9.78,4.265259808357429,3.5952212263237864,7,5.727851130502494,0.5227235315615599,0.5335092412144249,loading
slow,9.8,4.2741834359428665,3.6014100312811066,7,5.738501749252533,0.5218358248083068,0.5316469522149703,loading
slow,9.82,4.283094651920477,3.607567872201428,7,5.749115198161667,0.5209512161441132,0.5297918910249777,loading
slow,9.84,4.29199349751735,3.613694872729738,7,5.759691621488411,0.5200696935450746,0.5279440293053383,loading
slow,9.86,4.300880013801343,3.619791156025366,7,5.770231162926037,0.5191912450344023,0.5261033388652692,loading
slow,9.88,4.3097542416817145,3.625856844763904,7,5.780733965604753,0.5183158586822363,0.5242697915885941,loading
slow,9.9,4.318616221909725,3.6318920611390877,7,5.791200172093938,0.5174435226054637,0.522443359503022,loading
slow,9.92,4.327465995079276,3.637896926864702,7,5.801629924404333,0.5165742249675322,0.5206240147188623,loading
slow,9.94,4.336355491907039,3.6439493713505886,8,5.81212711730411,0.5157005416647811,0.5336172814818241,loading
slow,9.96,4.345328645394352,3.6501150318884235,8,5.822779354585588,0.514812695735497,0.531703411553508,loading
slow,9.98,4.3542888500647585,3.6562489696243214,8,5.833393394656699,0.5139280335430849,0.5297971737192597,loading
slow,10.0,4.363236150419798,3.662351314626034,8,5.843969389835928,0.5130465423917736,0.5278985372125788,loading
slow,10.02,4.372170590784258,3.668422196436587,8,5.8545074918287145,0.5121682096368947,0.5260074714499297,loading
slow,10.040000000000001,4.3810922153069,3.6744617440763974,8,5.865007851729846,0.5112930226846777,0.5241239459792268,loading
slow,10.06,4.390001067961165,3.6804700860453767,8,5.875470620025954,0.5104209689920389,0.5222479304212158,loading
slow,10.08,4.398897192545867,3.686447350325027,8,5.885895946597964,0.5095520360663846,0.5203793945778301,loading
slow,10.1,4.40778063268592,3.692393664380538,8,5.8962839807234975,0.5086862114654009,0.5185183083096234,loading
slow,10.120000000000001,4.416651431833012,3.6983091551628595,8,5.906634871079364,0.5078234827968566,0.5166646416423504,loading
slow,10.14,4.425509633266319,3.7041939491107767,8,5.916948765743928,0.5069638377184,0.514818364727887,loading
slow,10.16,4.434355280093191,3.7100481721529706,8,5.927225812199568,0.5061072639373541,0.5129794478175853,loading
slow,10.18,4.443298833261103,3.71603741933113,9,5.937686835961679,0.5052363239332425,0.5227231605884342,loading
slow,10.200000000000001,4.452235047007974,3.722003693571687,9,5.9481212170756805,0.5043666328949723,0.5208118153481323,loading
slow,10.22,4.461158138682446,3.7279383837612823,9,5.958517453102502,0.5035001212628896,0.5189082571774861,loading
slow,10.24,4.470068154469288,3.7338416222127724,9,5.968875699447421,0.5026367760838888,0.5170124540869736,loading
slow,10.26,4.478965140365791,3.739713540693702,9,5.979196110876597,0.5017765844581301,0.5151243741581268,loading
slow,10.28,4.487849142182506,3.7455542704285376,9,5.989478841519792,0.5009195335388215,0.5132439856492255,loading
slow,10.3,4.49672020554404,3.751363942100899,9,5.999724044872919,0.5000656105320005,0.5113712569251305,loading
slow,10.32,4.505578375889801,3.75714268585579,9,6.009931873800692,0.49921480269631513,0.5095061564732717,loading
slow,10.34,4.5144236984747685,3.7628906313018224,9,6.0201024805392045,0.4983670973428118,0.5076486529462798,loading
slow,10.36,4.523256218370253,3.768607907513409,9,6.030236016698528,0.49752248183471326,0.50579871508738,loading
slow,10.38,4.5320759804646364,3.7742946430329694,9,6.040332633265293,0.49668094358720893,0.5039563117996693,loading
slow,10.4,4.5409434906946124,3.780041598755464,10,6.050513344102768,0.4958331710910602,0.5113971954902041,loading
slow,10.42,4.549830415525914,3.785806133052775,10,6.060721340815727,0.494982346491298,0.5094987113025695,loading
slow,10.44,4.5587041457434445,3.791539377672768,10,6.070891450544485,0.4941346797961299,0.5076080980437325,loading
slow,10.46,4.5675647286605034,3.7972414660312297,10,6.081023830361472,0.49329015791343955,0.5057253227462866,loading
slow,10.48,4.5764122113948424,3.802912530984371,10,6.09111863668179,0.4924487678059063,0.5038503526648697,loading
slow,10.5,4.58524664086951,3.8085527048311785,10,6.101176025265927,0.49161049649076416,0.5019831550967524,loading
slow,10.52,4.594068063813644,3.814162119315736,10,6.111196151222558,0.4907753310395804,0.5001236975221701,loading
slow,10.540000000000001,4.602876526763303,3.8197409056295717,10,6.121179169011226,0.489943258578028,0.49827194756169035,loading
slow,10.56,4.611672076062256,3.825289194413951,10,6.131125232445072,0.4891142662856537,0.4964278729158167,loading
slow,10.58,4.620454757862801,3.830807115762194,10,6.141034494693585,0.48828834139566035,0.4945914415088737,loading
slow,10.6,4.629224618126557,3.836294799221964,10,6.150907108285244,0.48746547119467687,0.4927626213664382,loading
slow,10.620000000000001,4.637981702625272,3.8417523737975605,10,6.160743225110197,0.4866456430225341,0.49094138060645776,loading
slow,10.64,4.646726056941603,3.8471799679521874,10,6.170542996422988,0.4858288442720432,0.48912768750675184,loading
slow,10.66,4.6554577264699155,3.8525777096102236,10,6.180306572845176,0.4850150623887761,0.48732151048902494,loading
slow,10.68,4.664176756417078,3.8579457261594863,10,6.190034104368019,0.4842042848708408,0.4855228181082083,loading
slow,10.700000000000001,4.672883191803228,3.863284144453458,10,6.199725740355067,0.4833964992686651,0.4837315790489072,loading
slow,10.72,4.681577077462574,3.8685930908135475,10,6.2093816295448345,0.48259169318477346,0.48194776211651913,loading
slow,10.74,4.6902584580441555,3.873872691031308,10,6.219001920053387,0.48178985427357024,0.48017133623012853,loading
slow,10.76,4.698927378012634,3.8791230703706625,10,6.228586759376977,0.4809909702411256,0.4784022704846791,loading
slow,10.78,4.707583881649047,3.884344353570099,10,6.238136294394623,0.48019502884495324,0.476640534062156,loading
slow,10.8,4.716228013051595,3.8895366648448952,10,6.247650671370684,0.4794020178938011,0.47488609629731116,loading
slow,10.82,4.724859816136387,3.894700127889283,10,6.257130035957477,0.4786119252474319,0.47313892665989954,loading
slow,10.84,4.73347933463822,3.899834865878656,10,6.266574533197769,0.4778247388164125,0.47139899471915214,loading
slow,10.86,4.742086612111326,3.90494100147173,10,6.275984307527391,0.4770404465618996,0.4696662701864085,loading
slow,10.88,4.750681691930129,3.910018656812706,10,6.285359502777776,0.47625903649543,0.46794072293643296,loading
slow,10.9,4.759264617290004,3.9150679535334274,10,6.294700262178424,0.47548049667870407,0.4662223228724116,loading
slow,10.92,4.767835431208017,3.920089012755531,10,6.304006728359537,0.47470481522338426,0.4645110401479968,loading
slow,10.94,4.776394176523677,3.9250819550925775,10,6.3132790433544095,0.4739319802908767,0.4628068449292755,loading
slow,10.96,4.784940895899673,3.930046900652185,10,6.3225173486020285,0.4731619800921315,0.46110970760615544,loading
slow,10.98,4.793475631822627,3.9349839690381456,10,6.33172178494946,0.47239480288742863,0.45941959860407167,loading
slow,11.0,4.801998426603815,3.9398932793525394,10,6.340892492654451,0.4716304369861746,0.45773648854563476,loading
slow,11.02,4.810509322379907,3.9447749501978304,10,6.350029611387773,0.4708688707466929,0.45606034808898244,loading
slow,11.040000000000001,4.819008361113692,3.9496290996789494,10,6.3591332802358025,0.470110092576029,0.4543911481498242,loading
slow,11.06,4.827495584594825,3.9544558454054197,10,6.368203637702825,0.4693540909297321,0.45272885961011866,loading
slow,11.08,4.8359710344405205,3.9592553044933725,10,6.377240821713624,0.4686008543116641,0.4510734535934091,loading
slow,11.1,4.8444347520963,3.964027593567656,10,6.386244969615802,0.46785037127378937,0.4494249012747531,loading
slow,11.120000000000001,4.852886778836702,3.9687728287638917,10,6.395216218182236,0.46710263041598,0.4477831739961857,loading
slow,11.14,4.861327155765988,3.9734911257305034,10,6.4041547036134965,0.46635762038580963,0.4461482432116526,loading
slow,11.16,4.869755923818872,3.978182599630773,10,6.413060561540211,0.46561532987835197,0.4445200804354954,loading
slow,11.18,4.878173123761211,3.9828473651448557,10,6.4219339270254565,0.46487574763599315,0.44289865737390244,loading
slow,11.200000000000001,4.886578796190726,3.9874855364718313,10,6.430774934567188,0.4641388624482201,0.4412839458289852,loading
slow,11.22,4.894972981537702,3.9920972273316964,10,6.4395837181005415,0.4634046631514298,0.43967591769877856,loading
slow,11.24,4.903355720065679,3.9966825509673796,10,6.448360411000218,0.46267313862873605,0.43807454505007115,loading
slow,11.26,4.911727051872164,4.0012416201467405,10,6.457105146082824,0.46194427780976477,0.43647980000116604,loading
slow,11.28,4.920087016889317,4.005774547164557,10,6.465818055609223,0.4612180696704681,0.4348916548391202,loading
slow,11.3,4.846389111224823,3.8874515548631035,9,6.310646110475508,0.4741509765661456,0.45782926925497236,loading
slow,11.32,4.8548951293940465,3.892430726638821,10,6.319878291335838,0.4733821933519696,0.46461155947419286,loading
slow,11.34,4.863427221115938,3.8974389898314343,10,6.329152600389413,0.47260919211841,0.46290581033314737,loading
slow,11.36,4.871947286700019,3.902419225338599,10,6.338392868688613,0.47183902820310686,0.46120712589559076,loading
slow,11.38,4.880455368670734,3.9073715528825503,10,6.347599237217906,0.4710716898548951,0.45951547664735415,loading
slow,11.4,4.888951509377016,3.91229609168331,10,6.356771846371815,0.47030716537177997,0.4578308331737446,loading
slow,11.42,4.897435750993036,3.917192960460818,10,6.365910835957333,0.46954544310073376,0.456153166138229,loading
slow,11.44,4.90590813551891,3.9220622774369875,10,6.375016345196453,0.46878651143749095,0.4544824463446062,loading
slow,11.46,4.914368704781442,3.926904160337819,10,6.3840885127285425,0.46803035882634614,0.4528186446961513,loading
slow,11.48,4.922817500434835,3.931718726395457,10,6.393127476612872,0.46727697375995103,0.451161732284433,loading
slow,11.5,4.931254563961431,3.9365060923502773,10,6.4021333743310045,0.4665263447791069,0.4495116802871735,loading
slow,11.52,4.93967993667242,3.9412663744529373,10,6.411106342789143,0.46577846047256766,0.4478684599549254,loading
slow,11.540000000000001,4.9480936597085545,3.945999688466427,10,6.420046518320693,0.46503330947683486,0.44623204271143635,loading
slow,11.56,4.956495774040864,3.9507061496681106,10,6.428954036688542,0.4642908804759658,0.44460240013144414,loading
slow,11.58,4.964886320471367,3.9553858728517692,10,6.437829033087452,0.46355116220136305,0.4429795038083384,loading
slow,11.6,4.97326533963378,3.960038972329617,10,6.44667164214651,0.46281414343158656,0.4413633255486715,loading
slow,11.620000000000001,4.98163287199422,3.964665561934327,10,6.455481997931438,0.46207981299215006,0.43975383723804384,loading
slow,11.64,4.989988957851899,3.9692657550210337,10,6.464260233946978,0.46134815975532417,0.4381510108677489,loading
slow,11.66,4.998333637339826,3.9738396644693257,10,6.473006483139231,0.4606191726399441,0.4365548185605306,loading
slow,11.68,5.0066669504255135,3.9783874026852635,10,6.4817208778980016,0.4598928406112155,0.43496523258745867,loading
slow,11.700000000000001,5.014988936911648,3.9829090816033297,10,6.490403550059148,0.4591691526805117,0.4333822252888808,loading
slow,11.72,5.0232996364368,3.9874048126884336,10,6.499054630906836,0.45844809790519203,0.43180576914103597,loading
slow,11.74,5.0315990884760975,3.9918747069378564,10,6.507674251175912,0.45772966538839965,0.43023583670809273,loading
slow,11.76,5.0398873323419195,3.996318874883231,10,6.516262541054188,0.4570138442788756,0.4286724006954401,loading
slow,11.78,5.048164407184565,4.000737426592466,10,6.524819630184748,0.4563006237707664,0.42711543394524654,loading
slow,11.8,5.056430351992937,4.0051304716717135,10,6.533345647668185,0.45558999310343395,0.42556490939205105,loading
slow,11.82,5.064685205595229,4.0094981192672865,10,6.541840722064906,0.45488194156126227,0.42402080005388143,loading
slow,11.84,5.0729290066595745,4.0138404780676025,10,6.550304981397385,0.45417645847347543,0.422483079090874,loading
slow,11.86,5.081161793694733,4.018157656305076,10,6.558738553152442,0.4534735332139451,0.4209517197830692,loading
slow,11.88,5.089383605050752,4.02244976175805,10,6.567141564283433,0.45277315520100847,0.41942669553485246,loading
slow,11.9,5.097594478919634,4.026716901752694,10,6.5755141412125,0.4520753138972723,0.4179079797674845,loading
slow,11.92,5.105794453335985,4.030959183164889,10,6.58385640983287,0.45137999880944,0.41639554615002794,loading
slow,11.94,5.113983566177691,4.035176712422125,10,6.59216849551097,0.4506871994881191,0.41488936839950696,loading
slow,11.96,5.1221618551665635,4.039369595505372,10,6.600450523088661,0.4499969055276377,0.41338942031377,loading
slow,11.98,5.130329357868995,4.0435379379509575,10,6.608702616885448,0.4493091065658633,0.4118956758070169,loading
slow,12.0,5.138530324524208,4.0477481176585774,11,6.617013279920674,0.44861695209796026,0.4167050961978447,loading
slow,12.02,5.146739195376696,4.051961709941259,11,6.625331307629588,0.44792365563399406,0.4151752375163298,loading
slow,12.040000000000001,5.154937002463985,4.056150304407506,11,6.633618805639486,0.4472329038467646,0.4136518006614409,loading
slow,12.06,5.1631237849174205,4.060314009641306,11,6.6418759021,0.4465446860548612,0.41213475833412616,loading
slow,12.08,5.171299581704641,4.064452933764389,11,6.650102724616706,0.44585899162222487,0.4106240834040875,loading
slow,12.1,5.179464431630311,4.068567184438224,11,6.658299400253374,0.44517580995795447,0.40911974882806845,loading
slow,12.120000000000001,5.187618373336768,4.072656868865945,11,6.666466055534329,0.4444951305161142,0.40762172769959193,loading
slow,12.14,5.195761445304754,4.076722093794331,11,6.674602816446701,0.44381694279554174,0.40612999320099874,loading
slow,12.16,5.203893685854075,4.080762965515726,11,6.682709808442766,0.44314123633965685,0.4046445186487446,loading
slow,12.18,5.212015133144295,4.084779589869974,11,6.690787156442117,0.4424680007362777,0.40316527744899133,loading
slow,12.200000000000001,5.22012582517541,4.088772072246339,11,6.698834984834045,0.44179722561742674,0.4016922431659964,loading
slow,12.22,5.228225799788532,4.092740517585426,11,6.706853417479699,0.44112890065914423,0.4002253894297425,loading
slow,12.24,5.0876344503307,3.8737962707978366,9,6.417613495963181,0.4652359051548798,0.44435782173835037,loading
slow,12.26,5.095945801954837,3.878510986602132,9,6.4264838875795425,0.4644965728852086,0.4427622020459765,loading
slow,12.280000000000001,5.104311318635393,3.8832974683271466,10,6.435453127644843,0.4637496825305325,0.4493180112330464,loading
slow,12.3,5.112681550343172,3.8880814324854196,10,6.4444222076570075,0.4630021221416829,0.44767335720230506,loading
slow,12.32,5.121040141739833,3.892838395269322,10,6.4533584661392425,0.4622572974478142,0.44603551301314326,loading
slow,12.34,5.129387133830512,3.897568472073829,10,6.462262038989072,0.4615151971217576,0.4444044501639155,loading
slow,12.36,5.137749820727457,3.902312641369964,11,6.471187551733689,0.4607718358701359,0.4495821753209839,loading
slow,12.38,5.146141572212766,3.9070908605302814,11,6.480161646636648,0.4600238554463937,0.44791199337268495,loading
slow,12.4,5.154521423269411,3.911841700008761,11,6.489102411643469,0.45927865309886207,0.4462488298138112,loading
slow,12.42,5.162889416604084,3.91656527850602,11,6.49800998680804,0.4585362171538939,0.44459265476781695,loading
slow,12.44,5.171245594744576,3.921261714217432,11,6.506884511589711,0.4577965359874109,0.44294343864148544,loading
slow,12.46,5.179590000040564,3.9259311248353055,11,6.515726124855594,0.4570595980246881,0.44130115185136987,loading
slow,12.48,5.1879226746643425,3.9305736275509937,11,6.524534964883155,0.45632539174014886,0.43966576494103293,loading
slow,12.5,5.196243660611572,3.935189339057021,11,6.533311169362801,0.45559390565715396,0.4380372486494366,loading
slow,12.52,5.204552999702061,3.939778375549237,11,6.542054875400269,0.45486512834779536,0.4364155738132425,loading
slow,12.540000000000001,5.212850733580481,3.944340852728895,11,6.55076621951912,0.4541390484326848,0.43480071133750187,loading
slow,12.56,5.221136903717124,3.94887688580476,11,6.559445337663303,0.4534156545807533,0.4331926323422053,loading
slow,12.58,5.229411551408635,3.953386589495219,11,6.5680923651995196,0.4526949355090438,0.43159130804504287,loading
slow,12.6,5.237674717778759,3.9578700780303446,11,6.576707436919714,0.45197687998249914,0.4299967097027846,loading
slow,12.620000000000001,5.245926443779069,3.962327465153979,11,6.585290687043504,0.4512614768137744,0.42840880879690957,loading
slow,12.64,5.254166770189697,3.9667588641258087,11,6.593842249220639,0.45054871486301984,0.4268275768772867,loading
slow,12.66,5.262395737620059,3.9711643877234004,11,6.602362256533416,0.44983858303768454,0.42525298563056424,loading
slow,12.68,5.270613386509591,3.975544148244279,11,6.610850841499068,0.449131070292316,0.42368500686063015,loading
slow,12.700000000000001,5.278819757128456,3.9798982575079465,11,6.619308136072175,0.44842616562836024,0.4221236124983818,loading
slow,12.72,5.287014889578275,3.9842268268579204,11,6.62773427164705,0.447723858093961,0.4205687745821862,loading
slow,12.74,5.2951988237928305,3.9885299671637577,11,6.63612937906016,0.44702413678375985,0.4190204652774199,loading
slow,12.76,5.303371599538785,3.992807788823067,11,6.644493588592441,0.44632699083869964,0.41747865683738894,loading
slow,12.780000000000001,5.311533256416396,3.997060401763518,11,6.652827029971705,0.4456324094458346,0.4159433217205688,loading
slow,12.8,5.304612179316216,3.97869060284436,10,6.6309966925024515,0.4474514592648974,0.4142036812204708,loading
slow,12.82,5.3127271364439075,3.982901442398028,10,6.639265010619971,0.44676230779341053,0.41270414089744634,loading
slow,12.84,5.320831329313201,3.987087738446028,10,6.647503403102622,0.44607565064172183,0.41121080328387905,loading
slow,12.86,5.328924795323939,3.991249596069974,10,6.655711993731941,0.4453914774925405,0.4097236424271955,loading
slow,12.88,5.337007571721859,3.995387119910606,10,6.663890905771542,0.4447097780717457,0.4082426324902855,loading
slow,12.9,5.345079695599242,3.999500414169643,10,6.672040261969261,0.4440305421482046,0.4067677477159748,loading
slow,12.92,5.353141203895557,4.003589582611616,10,6.680160184559394,0.443353759533592,0.4052989624980796,loading
slow,12.94,5.361192133398108,4.0076547285657025,10,6.688250795264741,0.4426794200822126,0.4038362512925886,loading
slow,12.96,5.369232520742646,4.011695954927546,10,6.696312215298857,0.4420075136908216,0.4023795887153625,loading
slow,12.98,5.377262402414024,4.015713364161074,10,6.704344565368075,0.44133803029844676,0.4009289494355528,loading
slow,13.0,5.3852818147468255,4.0197070583003125,10,6.712347965673711,0.44067095988621274,0.3994843082644195,loading
slow,13.02,5.393290793925988,4.023677138951176,10,6.720322535914168,0.4400062924771627,0.39804564011980403,loading
slow,13.040000000000001,5.401289375987432,4.027623707293272,10,6.728268395286976,0.4393440181360816,0.39661291995507497,loading
slow,13.06,5.376418903852359,3.982325324507713,9,6.67053477643389,0.4441555170929742,0.40098154958023713,loading
slow,13.08,5.384405592513332,3.986336691605518,9,6.6785394878621895,0.44348833947431443,0.39956155396314585,loading
slow,13.1,5.392382111251894,3.9903248043561947,9,6.6865158599821415,0.44282352394535385,0.3981473263880986,loading
slow,13.120000000000001,5.40034849441879,3.9942897606965477,9,6.694464007905937,0.4421610609114367,0.396738843178035,loading
slow,13.14,5.408304776225865,3.9982316581595674,9,6.702384046272491,0.44150094081735036,0.3953360806958628,loading
slow,13.16,5.416250990746644,4.002150593876097,9,6.710276089249406,0.4408431541471701,0.3939390154483746,loading
slow,13.18,5.4242053473668275,4.006073920935073,10,6.718176594618476,0.4401852680268795,0.39981094102969905,loading
slow,13.200000000000001,5.432203955712733,4.0100556999067924,10,6.726157677763166,0.4395200577191619,0.398370393108749,loading
slow,13.22,5.440192159866871,4.014013932596028,10,6.7341100125294675,0.4388572436059811,0.3969358012412272,loading
slow,13.24,5.448169995763109,4.017948719895182,10,6.742033717776738,0.43819681578031544,0.3955071405226107,loading
slow,13.26,5.4561374991873315,4.021860162273324,10,6.7499289118669905,0.43753876437659334,0.3940843861105492,loading
slow,13.280000000000001,5.426256562349554,3.9690904073557167,9,6.6822186885304955,0.4431818152119559,0.4004710739664574,loading
slow,13.3,5.434243395222204,3.9731284547076284,10,6.690250152318745,0.442513023659325,0.4064362306444025,loading
slow,13.32,5.442275221735095,3.977225836180253,10,6.6983634470478,0.44183679338614645,0.404967681557622,loading
slow,13.34,5.450296480025251,3.9812991945960508,10,6.706447434608661,0.4411630058831023,0.4035052058881661,loading
slow,13.36,5.458307206721802,3.9853486328418626,10,6.714502236202767,0.4404916510479585,0.4020487782696591,loading
slow,13.38,5.4663074383029695,3.9893742533728465,10,6.722527972524338,0.4398227188207491,0.40059837332684367,loading
slow,13.4,5.4742972110967365,3.993376158214299,10,6.730524763762672,0.4391561991836014,0.3991539658887433,loading
slow,13.42,5.482276561281445,3.997354448963448,10,6.738492729604163,0.4384920821605577,0.3977155308554359,loading
slow,13.44,5.490245524886429,4.001309226791243,10,6.74643198923445,0.43783035781739865,0.39628304323358066,loading
slow,13.46,5.498204137792655,4.0052405924441485,10,6.754342661340479,0.43717101626147514,0.39485647818082725,loading
slow,13.48,5.506152435733327,4.0091486462459285,10,6.762224864112586,0.4365140476415217,0.3934358108459435,loading
slow,13.5,5.5140904542945,4.013033488099403,10,6.770078715246651,0.43585944214749794,0.3920210166263871,loading
slow,13.52,5.522018228915712,4.016895217488214,10,6.777904331946068,0.4352071900104021,0.39061207089297056,loading
slow,13.540000000000001,5.529935794890587,4.020733933478597,10,6.785701830923886,0.43455728150210904,0.38920894919414195,loading
slow,13.56,5.537843187367439,4.024549734721093,10,6.793471328404804,0.4339097069351977,0.387811627176049,loading
slow,13.58,5.545740441349892,4.028342719452342,10,6.8012129401273,0.43326445666277136,0.3864200805558937,loading
slow,13.6,5.553627591697484,4.032112985496768,10,6.808926781345509,0.43262152107830554,0.3850342851752231,loading
slow,13.620000000000001,5.561504673126263,4.035860630268337,10,6.816612966831471,0.4319808906154593,0.3836542169821655,loading
slow,13.64,5.569371720209386,4.039585750772257,10,6.824271610876954,0.43134255574792013,0.38227985199590364,loading
slow,13.66,5.441603307990647,3.840063861085259,9,6.560865515080582,0.4532968387942745,0.4275806118769765,loading
slow,13.68,5.449713378524361,3.844544354477097,9,6.569401043739269,0.4525854171742302,0.42604983003169394,loading
slow,13.700000000000001,5.457812641850648,3.8489997012352735,9,6.5779060221606,0.45187654192600457,0.42452527265535167,loading
slow,13.72,5.4659011349859,3.8534300070718643,9,6.586380574564817,0.45117020269577723,0.42300691414443037,loading
slow,13.74,5.4739788947966375,3.8578353772631426,9,6.594824824661459,0.450466389172295,0.4214947289993276,loading
slow,13.76,5.482045958000121,3.862215916651372,9,6.603238895651431,0.4497650910867014,0.41998869184833865,loading
slow,13.780000000000001,5.490102361164951,3.8665717296465827,9,6.611622910229061,0.4490662982123649,0.41848877743966284,loading
slow,13.8,5.49814814071169,3.8709029202283523,9,6.619976990584197,0.4483700003646963,0.41699496055347396,loading
slow,13.82,5.506183332913473,3.8752095919475864,9,6.628301258404325,0.4476761874009857,0.4155072161537987,loading
slow,13.84,5.514207973896617,3.879491847928292,9,6.6365958348766005,0.44698484922022097,0.41402551925262543,loading
slow,13.86,5.522222099641205,3.883749790869299,9,6.644860840689899,0.44629597576292424,0.41254984498984015,loading
slow,13.88,5.530225745981705,3.8879835230460467,9,6.653096396036899,0.44560955701097715,0.411080168625233,loading
slow,13.9,5.538218948607568,3.8921931463123145,9,6.661302620616093,0.4449255829874478,0.4096164654665557,loading
slow,13.92,5.5462017430638095,3.89637876210194,9,6.669479633633845,0.4442440437564267,0.408158710965445,loading
slow,13.94,5.554174164751629,3.900540471430595,9,6.677627553806408,0.44356492942285575,0.4067068806774543,loading
slow,13.96,5.5621362489289705,3.904678374897447,9,6.6857464993619296,0.44288823013235834,0.4052609502300797,loading
slow,13.98,5.570088030711133,3.908792572686914,9,6.6938365880424735,0.44221393607107407,0.4038208953627276,loading
slow,14.0,5.578029545071347,3.9128831645703603,9,6.701897937106027,0.4415420374654936,0.40238669195069576,loading
slow,14.02,5.58596082684136,3.9169502499077855,9,6.709930663328468,0.44087252458228676,0.40095831590925,loading
slow,14.040000000000001,5.593881910712028,3.9209939276495507,9,6.717934883005568,0.4402053877281421,0.39953574327356023,loading
slow,14.06,5.601792831233869,3.925014296338015,9,6.725910711954947,0.4395406172496036,0.39811895019070676,loading
slow,14.08,5.609693622817673,3.9290114541092658,9,6.733858265518094,0.4388782035329014,0.39670791291168683,loading
slow,14.1,5.617584319735052,3.932985498694752,9,6.741777658562277,0.43821813700379086,0.39530260776743376,loading
slow,14.120000000000001,5.625464956119014,3.9369365274229704,9,6.749669005482476,0.4375604081273924,0.3939030111848041,loading
slow,14.14,5.633335565964554,3.940864637221125,9,6.757532420203401,0.43690500740802374,0.39250909968657766,loading
slow,14.16,5.619647323980642,3.9124773162829696,8,6.722300978273284,0.4398408147212588,0.39075492838946957,loading
slow,14.18,5.627462197625116,3.9163707749607832,8,6.7301018737733385,0.4391906274445222,0.38940310760438024,loading
slow,14.200000000000001,5.635267463647404,3.920242057479381,8,6.737875789303078,0.4385426889463392,0.38805665914765086,loading
slow,14.22,5.643063153526768,3.924091255318427,8,6.745622832081803,0.4378969902899651,0.38671556138325514,loading
slow,14.24,5.6508492986180485,3.9279184595883776,8,6.7533431088974,0.43725352257461636,0.385379792795959,loading
slow,14.26,5.658625930152153,3.9317237610319213,8,6.761036726107991,0.43661227693532856,0.3840493319344773,loading
slow,14.280000000000001,5.6663930792365615,3.935507250025497,8,6.7687037896437685,0.4359732445428065,0.38272415744700083,loading
slow,14.3,5.674150776855829,3.939269016580765,8,6.7763444050086745,0.4353364166032827,0.3814042480669855,loading
slow,14.32,5.681899053872067,3.94300915034606,8,6.783958677282089,0.4347017843583758,0.38008958259894143,loading
slow,14.34,5.545990595822143,3.731547561782399,7,6.50454285969346,0.4579899455266728,0.4222060135345984,loading
slow,14.36,5.553938871596941,3.7360024214982097,7,6.512971857296671,0.45728740911225374,0.4207666437157087,loading
slow,14.38,5.561877225921048,3.740433513102562,7,6.521372126063076,0.4565872672320378,0.4193328475299296,loading
slow,14.4,5.569805690695798,3.7448409318883202,7,6.529743777236212,0.4558895106139135,0.4179046031733691,loading
slow,14.42,5.577724297699724,3.749224772773937,7,6.538086921623789,0.45519413002208986,0.4164818888670041,loading
slow,14.44,5.585633078589034,3.7535851303049217,7,6.546401669599432,0.4545011162569609,0.41506468296237387,loading
slow,14.46,5.593532064898099,3.7579220986553032,7,6.554688131104341,0.45381046015496096,0.41365296387319006,loading
slow,14.48,5.601421288039921,3.7622357716290793,7,6.562946415649033,0.45312215258842337,0.41224671011264036,loading
slow,14.5,5.6093007793066185,3.766526242661685,7,6.57117663231499,0.4524361844654393,0.41084590026230217,loading
slow,14.52,5.617170569869888,3.7707936048214163,7,6.57937888975636,0.4517525467297192,0.4094505129907944,loading
slow,14.540000000000001,5.625030690781488,3.775037950810896,7,6.587553296201633,0.4510712303604517,0.4080605270537774,loading
slow,14.56,5.6328811729737005,3.7792593729684842,7,6.595699959455324,0.4503922263721647,0.4066759213001703,loading
slow,14.58,5.640722047259791,3.783457963269715,7,6.6038189868996,0.44971552581458785,0.40529667465349917,loading
slow,14.6,5.648599515593288,3.787703042511072,8,6.61200280030771,0.4490343872620164,0.415447451906914,loading
slow,14.620000000000001,5.65653622950963,3.7920283779811457,8,6.620296492735964,0.44834312521849606,0.41399535791697417,loading
slow,14.64,5.664462766213152,3.7963298208700405,8,6.628561203976613,0.44765427875531894,0.4125490404405241,loading
slow,14.66,5.672379159503697,3.8006074695642313,8,6.636797049316076,0.44696783826334896,0.4111084762641326,loading
slow,14.68,5.680285443047328,3.8048614220531474,8,6.645004143576809,0.44628379417211794,0.4096736422241065,loading
slow,14.700000000000001,5.688181650376869,3.809091775930772,8,6.653182601119209,0.44560213694967066,0.4082445152562286,loading
slow,14.72,5.6960678148924195,3.813298628397214,8,6.6613325358434246,0.44492285710241364,0.4068210723886523,loading
slow,14.74,5.703943969861919,3.817482076260329,8,6.669454061191292,0.44424594517495597,0.4054032907632177,loading
slow,14.76,5.7118101484216535,3.821642215937273,8,6.677547290148102,0.44357139174995697,0.40399114758571386,loading
slow,14.780000000000001,5.719666383576799,3.825779143456091,8,6.685612335244489,0.44289918744797274,0.40258462016140584,loading
slow,14.8,5.727512708201935,3.829892954457261,8,6.693649308558232,0.442229322927307,0.4011836859163509,loading
slow,14.82,5.73534915504159,3.833983744195297,8,6.701658321716092,0.44156178888385167,0.39978832231213346,loading
slow,14.84,5.743175756710752,3.8380516075402653,8,6.709639485895639,0.4408965760509421,0.39839850694534107,loading
slow,14.86,5.750992545695389,3.842096638979359,8,6.717592911827051,0.44023367519920387,0.3970142174978264,loading
slow,14.88,5.758799554352967,3.8461189326184195,8,6.725518709794901,0.43957307713640115,0.39563543171539095,loading
slow,14.9,5.766596814912983,3.850118582183501,8,6.733416989639988,0.43891477270728974,0.3942621274646285,loading
slow,14.92,5.774384359477448,3.8540956810223648,8,6.741287860761087,0.43825875279346693,0.3928942826902926,loading
slow,14.94,5.782162220021437,3.858050322106029,8,6.7491314321167515,0.43760500831322136,0.3915318754081909,loading
slow,14.96,5.789930428393575,3.8619825980302913,8,6.756947812227072,0.4369535302213885,0.3901748837336072,loading
slow,14.98,5.797689016316548,3.8658926010172165,8,6.764737109175488,0.4363043095092012,0.3888232859026175,loading
slow,15.0,5.805438015387622,3.8697804229166644,8,6.77249943061047,0.4356573372041437,0.38747706019393036,loading
slow,15.02,5.813177457079124,3.8736461552077572,8,6.780234883747315,0.43501260436980527,0.3861361849786249,loading
slow,15.040000000000001,5.743106388715471,3.760969221873073,7,6.632522416230806,0.4473234090384991,0.4033246927956924,loading
slow,15.06,5.750895502366369,3.765126792576331,7,6.640574543759509,0.4466522844625992,0.40195731069925245,loading
slow,15.08,5.758675116288634,3.769261821102498,7,6.648599379246812,0.445983434664483,0.4005952206069807,loading
slow,15.1,5.7664452607964485,3.773374397916678,7,6.656597028314894,0.4453168508405726,0.39923840176570025,loading
slow,15.120000000000001,5.774205966087386,3.7774646131284872,7,6.66456759617218,0.4446525242217826,0.39788683357144805,loading
slow,15.14,5.782047935533928,3.7816684575969517,8,6.672692425363919,0.44397628430564795,0.4078370316946689,loading
slow,15.16,5.569460669182515,3.4557324792670943,7,6.240462813858348,0.48000125717917175,0.47790000840830515,loading
slow,15.18,5.577689401785616,3.461158682417642,7,6.2500033833104425,0.47920607147089445,0.4762409611753782,loading
slow,15.200000000000001,5.5860155134590155,3.466719999067345,8,6.259727755796843,0.4783966960411148,0.48810829022016833,loading
slow,15.22,5.594356936618393,3.4722931158716146,8,6.2694715841808035,0.4775845648993592,0.4863629731133301,loading
slow,15.24,5.60268650181402,3.4778373284206823,8,6.279180579327691,0.4767753371071891,0.48462461396070466,loading
slow,15.26,5.61100424963322,3.4833527552853907,8,6.288854880101991,0.4759690010902272,0.48289318471717024,loading
slow,15.280000000000001,5.528085495266495,3.3520776744935508,7,6.116120422126799,0.490365138526779,0.5020844481462561,loading
slow,15.3,5.536452126634018,3.357917621385495,7,6.126143684702498,0.4895297204942969,0.5003306340611857,loading
slow,15.32,5.544807080975039,3.3637284020295763,7,6.1361319425170855,0.4886972200925115,0.4985836272233257,loading
slow,15.34,5.55315039711394,3.369510132878331,7,6.1460853314353,0.48786762599713895,0.4968434009668954,loading
slow,15.36,5.561595330475015,3.375432619158327,8,6.156230284395834,0.48702324417385556,0.5092144821006173,loading
slow,15.38,5.570056261991297,3.3813672115396596,8,6.166395342535305,0.4861760034611179,0.5073840687188635,loading
slow,15.4,5.578504847130128,3.387271445549175,8,6.176523869114236,0.48533180765348927,0.5055609561068763,loading
slow,15.42,5.586941128448689,3.3931454456148815,8,6.186616009839222,0.4844906446063052,0.5037451148837135,loading
slow,15.44,5.595365148335082,3.398989335662806,8,6.196671909830345,0.48365250222378464,0.5019365157608036,loading
slow,15.46,5.603776949009031,3.4048032391190666,8,6.206691713623579,0.4828173684588356,0.5001351296058942,loading
slow,15.48,5.612176572522552,3.4105872789118528,8,6.216675565173121,0.48198523131285487,0.49834092737910396,loading
slow,15.5,5.620637440861195,3.416451576063131,9,6.22677029649373,0.4811447929649618,0.5078120732715519,loading
slow,15.52,5.629125165998786,3.422344362686337,9,6.236906945685726,0.48029991680521567,0.5059473483131072,loading
slow,15.540000000000001,5.637600161164379,3.4282062996495024,9,6.247006380231684,0.4794581424993133,0.504090223443221,loading
slow,15.56,5.646062471409623,3.434037516100181,9,6.257068751804992,0.47861945740520195,0.5022406674148883,loading
slow,15.58,5.654604859118434,3.4399770777996412,10,6.2672795073588485,0.4777691768490532,0.5096295474871226,loading
slow,15.6,5.663134077724248,3.4458850383448056,10,6.277452077206917,0.47692130390193777,0.5077240301698538,loading
slow,15.620000000000001,5.671650174902535,3.4517615323165196,10,6.287586619767772,0.4760766005541853,0.5058264179957916,loading
slow,15.64,5.680153198131578,3.457606693731237,10,6.297683292797019,0.47523505365674146,0.5039366779158172,loading
slow,15.66,5.68864319469326,3.4634206560433536,10,6.307742253389983,0.47439665011558074,0.5020547769518657,loading
slow,15.68,5.6971202116739175,3.4692035521475932,10,6.317763657984545,0.4735613768914807,0.5001806823141663,loading
slow,15.700000000000001,5.705584295965146,3.474955514381329,10,6.3277476623639055,0.4727292209997852,0.49831436132841134,loading
slow,15.72,5.714035494264618,3.480676674526941,10,6.337694421659228,0.47190016951018454,0.4964557814428616,loading
slow,15.74,5.722473853076885,3.4863671638141063,10,6.347604090352539,0.4710742095464815,0.4946049103171646,loading
slow,15.76,5.730899418714197,3.4920271129221496,10,6.3574768222792555,0.47025132828636595,0.49276171564649474,loading
slow,15.780000000000001,5.739312237297305,3.497656651982336,10,6.367312770630973,0.4694315129611911,0.4909261652663588,loading
slow,15.8,5.747712354756256,3.50325591058015,10,6.377112087958266,0.468614750855748,0.4890982272414135,loading
slow,15.82,5.756099816831199,3.508825017757607,10,6.386874926173188,0.4678010293080439,0.4872778697144753,loading
slow,15.84,5.7644746690731665,3.5143641020155143,10,6.396601436552081,0.4669903357090718,0.48546506094204744,loading
slow,15.860000000000001,5.772836956844891,3.519873291315749,10,6.406291769738188,0.4661826575025959,0.483659769338729,loading
slow,15.88,5.781186725321561,3.5253527130834996,10,6.415946075744272,0.46537798218493076,0.48186196344168764,loading
slow,15.9,5.78952401949163,3.53080249420953,10,6.425564503955353,0.4645762973047155,0.4800716119390813,loading
slow,15.92,5.79784888415759,3.536222761052419,10,6.43514720313122,0.4637775904626983,0.4782886835990041,loading
slow,15.94,5.806161363936743,3.5416136394407647,10,6.444694321409135,0.46298184931152064,0.47651314738317296,loading
slow,15.96,5.814461503261985,3.5469752546754307,10,6.454206006306413,0.4621890615554939,0.4747449723403463,loading
slow,15.98,5.822749346382565,3.552307731531739,10,6.463682404723026,0.46139921495038816,0.4729841276844837,loading
slow,16.0,5.83102493736488,3.557611194261703,10,6.473123662944141,0.4606122973032153,0.4712305827236918,loading
slow,16.02,5.83928832009321,3.5628857665961755,10,6.482529926642775,0.45982829647201073,0.46948430690463283,loading
slow,16.04,5.847539538270496,3.5681315717470596,10,6.491901340882298,0.4590472003656271,0.4677452698231832,loading
slow,16.06,5.8557786354190995,3.573348732409484,10,6.501238050119016,0.45826899694351275,0.46601344116936616,loading
slow,16.080000000000002,5.546490521190702,3.10297217984831,8,5.876217440443655,0.5103625763209771,0.5683562953819887,loading
slow,16.1,5.555269665199194,3.1099279899468883,8,5.88756282254648,0.509416955351792,0.5662867679845363,loading
slow,16.12,5.564035095923861,3.1168493529701062,8,5.8988669009320365,0.5084747770477382,0.5642255048954326,loading
slow,16.14,5.572786861456461,3.1237364098087643,8,5.910129840536998,0.5075360276613214,0.5621724728541722,loading
slow,16.16,5.581525009697398,3.130589300785424,8,5.921351805634119,0.5066006935003835,0.5601276387210419,loading
slow,16.18,5.590249588356464,3.1374081656566473,8,5.932532959834875,0.5056687609278847,0.5580909694913316,loading
slow,16.2,5.598960644953621,3.144193143615298,8,5.943673466092102,0.5047402163616839,0.5560624323095453,loading
slow,16.22,5.60765822681976,3.150944373292812,8,5.954773486702694,0.5038150462743116,0.5540419944338737,loading
slow,16.240000000000002,5.61634238109745,3.1576619927614473,8,5.965833183310176,0.5028932371927568,0.5520296232575106,loading
slow,16.26,5.625013154741723,3.164346139536554,8,5.976852716907411,0.5019747756982416,0.550025286308653,loading
slow,16.28,5.633670594520794,3.1709969505787927,8,5.987832247839188,0.5010596484260057,0.5480289512576064,loading
slow,16.3,5.642314747016838,3.17761456229639,8,5.998771935804813,0.5001478420650878,0.546040585867047,loading
slow,16.32,5.650945658626743,3.1841991105473775,8,6.0096719398607465,0.4992393433581115,0.5440601580843918,loading
slow,16.34,5.659563375562822,3.1907507306417635,8,6.020532418423167,0.4983341391010634,0.5420876359281124,loading
slow,16.36,5.668167943853604,3.197269557343787,8,6.031353529270584,0.49743221614308475,0.5401229876014213,loading
slow,16.38,5.676759409344523,3.2037557248740867,8,6.0421354295463505,0.4965335613862547,0.5381661814070071,loading
slow,16.4,5.685337817698695,3.210209366911901,8,6.052878275761239,0.49563816178537623,0.5362171857541398,loading
slow,16.42,5.693903214397633,3.216630616597259,8,6.063582223796063,0.4947460043477627,0.5342759692155141,loading
slow,16.44,5.702534314418514,3.223137534328025,9,6.074404691537276,0.49384497671491,0.5444121161959359,loading
slow,16.46,5.711194247994339,3.2296746169620882,9,6.085271740959257,0.4929392211742267,0.542395049977884,loading
slow,16.48,5.719840574476564,3.2361782482651362,9,6.096098535503415,0.4920368208923316,0.5403862113944058,loading
slow,16.5,5.72847334258244,3.242648568075777,9,6.10688523936699,0.4911377621833015,0.538385566608568,loading
slow,16.52,5.737092600831115,3.2490857156563555,9,6.117632016071906,0.4902420314175018,0.5363930819273222,loading
slow,16.54,5.674452140176424,3.1487646538177945,8,5.985990723906001,0.5012132774598677,0.5500534244120558,loading
slow,16.56,5.683094280116595,3.1554236698656064,8,5.996970809923903,0.5002981038695762,0.5480563588164955,loading
slow,16.580000000000002,5.691723133682366,3.1620494715567444,8,6.00791103839793,0.49938625240567613,0.5460672660433374,loading
slow,16.6,5.700338747287017,3.1686421948038443,8,6.018811568447356,0.4984777098055534,0.5440861139973663,loading
slow,16.62,5.708941167159184,3.1752019749712916,8,6.029672558550873,0.49757246285998535,0.5421128706970535,loading
slow,16.64,5.717530439343639,3.1817289468774925,8,6.04049416654931,0.4966704984129202,0.5401475043527171,loading
slow,16.66,5.726106609702008,3.1882232447970402,8,6.051276549648046,0.49577180336126425,0.5381899832173076,loading
slow,16.68,5.734669723913507,3.1946850024629168,8,6.0620198644196694,0.494876364654671,0.5362402757214113,loading
slow,16.7,5.743219827475686,3.2011143530686663,8,6.072724266806505,0.49398416929532596,0.5342983504164067,loading
slow,16.72,5.751756965705148,3.2075114292705695,8,6.083389912123147,0.49309520433773446,0.5323641759602538,loading
slow,16.740000000000002,5.760281183738293,3.2138763631898217,8,6.094016955058963,0.492209456888517,0.5304377211672318,loading
slow,16.76,5.768792526532025,3.220209286414669,8,6.104605549680679,0.49132691410619056,0.5285189549653069,loading
slow,16.78,5.777291038864483,3.2265103300025655,8,6.115155849434801,0.4904475632009656,0.5266078463890267,loading
slow,16.8,5.785776765335772,3.232779624482321,8,6.125668007150205,0.489571391434536,0.5247043646363636,loading
slow,16.82,5.7942497503686585,3.239017299856218,8,6.136142175040549,0.48869838611987015,0.5228084789905552,loading
slow,16.84,5.802710038209298,3.2452234856021303,8,6.146578504706776,0.48782853462100784,0.520920158869842,loading
slow,16.86,5.811157672927937,3.251398310675646,8,6.156977147139608,0.48696182435285273,0.5190393738416788,loading
slow,16.88,5.819592698419628,3.2575419035121667,8,6.1673382527219776,0.48609824278096514,0.5171660935587852,loading
slow,16.9,5.828015158404934,3.2636543920290033,8,6.17766197123146,0.4852377774213624,0.5153002878088841,loading
slow,16.92,5.836425096430624,3.2697359036274625,8,6.187948451842766,0.484380415840313,0.5134419265218071,loading
slow,16.94,5.8448225558703815,3.2757865651949394,8,6.198197843130119,0.48352614565413343,0.511590979719756,loading
slow,16.96,5.800632448597618,3.202995046574513,7,6.103311270873316,0.49143367263217697,0.5153424594395162,loading
slow,16.98,5.8089824222580155,3.2091078990946,7,6.113599110223608,0.49057620190747464,0.5135331133034882,loading
slow,17.0,5.817378932861363,3.2152783263762164,8,6.123967792806901,0.4897132115533408,0.5263314469914349,loading
slow,17.02,5.825850667319724,3.2215490953707384,8,6.134474429030597,0.4888374999627475,0.5244285835672713,loading
slow,17.04,5.834309667989608,3.2277882537767297,8,6.14494308777153,0.48796495379520033,0.522533313933593,loading
slow,17.06,5.842755979102435,3.2339959310329793,8,6.155373920584189,0.48709556041860935,0.5206456075015353,loading
slow,17.080000000000002,5.851189644713781,3.2401722560561415,8,6.165767078413026,0.4862293072517355,0.5187654338527636,loading
slow,17.1,5.85961070870408,3.246317357242853,8,6.176122711594886,0.4853661817639807,0.5168927626542086,loading
slow,17.12,5.868019214779332,3.2524313624718197,8,6.186440969861479,0.4845061714751857,0.5150275637078039,loading
slow,17.14,5.8764152064717905,3.2585143991058945,8,6.1967220023417795,0.4836492639554292,0.5131698069291701,loading
slow,17.16,5.88479872714068,3.264566593994162,8,6.206965957564499,0.48279544682482245,0.511319462368931,loading
slow,17.18,5.893198771044688,3.2706314892242476,9,6.217230874746584,0.4819408476042576,0.5210459976758841,loading
slow,17.2,5.901672845208061,3.2767951684993335,9,6.227631591103362,0.48107396099885535,0.5191230896270937,loading
slow,17.22,5.910133879222183,3.2829269920699184,9,6.23799393168101,0.4802102730284453,0.5172080223543318,loading
slow,17.240000000000002,5.918581919536404,3.289027093188097,9,6.248318052956295,0.479349770650609,0.515300763603399,loading
slow,17.26,5.9270170124113015,3.295095604556848,9,6.258604110762507,0.4784924408765664,0.513401281303949,loading
slow,17.28,5.935439203919444,3.3011326583322753,9,6.268852260291993,0.47763827077095133,0.5115095434096162,loading
slow,17.3,5.943848539946167,3.307138386125862,9,6.279062656098939,0.47678724745159917,0.5096255181298304,loading
slow,17.32,5.934149047955884,3.285989227321094,8,6.253063751299032,0.4789533088895592,0.503457973742627,loading
slow,17.34,5.942463048185768,3.2918823510751034,8,6.263113875167982,0.4781156475864604,0.501646205506745,loading
slow,17.36,5.950764846784317,3.2977454162137625,8,6.2731278396059205,0.47728100017154296,0.4998416644355075,loading
slow,17.38,5.959054485873297,3.3035785459136915,8,6.283105788850336,0.47644935462259075,0.49804432142508404,loading
slow,17.400000000000002,5.967332007407105,3.3093818628546,8,6.293047866558148,0.4756206989657804,0.49625414751375274,loading
slow,17.42,5.975597453173457,3.315155489221313,8,6.302954215808044,0.47479502127548356,0.4944711138463731,loading
slow,17.44,5.983850864794039,3.320899546705737,8,6.312824979102758,0.47397230967407455,0.49269519165306974,loading
slow,17.46,5.992092283725189,3.3266141565088576,8,6.322660298371454,0.4731525523317407,0.490926352341603,loading
slow,17.48,6.000321751258568,3.332299439342736,8,6.3324603149720184,0.472335737466281,0.4891645673907874,loading
slow,17.5,6.008539308521803,3.337955515432448,8,6.342225169693351,0.47152185334292196,0.4874098084144407,loading
slow,17.52,6.016744996479169,3.34358250451807,8,6.3519550027576495,0.4707108882741219,0.48566204711164573,loading
slow,17.54,6.02493885593222,3.3491805258566076,8,6.361649953822707,0.4699028306193853,0.4839212553306993,loading
slow,17.56,6.033120927520475,3.3547496982239746,8,6.371310161984206,0.4690976687850684,0.4821874050264796,loading
slow,17.580000000000002,6.04129125172204,3.3602901399168994,8,6.380935765777921,0.4682953912241937,0.48046046824623545,loading
slow,17.6,6.049449868854287,3.3658019687548864,8,6.390526903182022,0.46749598643626133,0.47874041715800786,loading
slow,17.62,6.057596819074474,3.371285302082112,8,6.400083711619346,0.4666994429670599,0.477027224064841,loading
slow,17.64,6.065732142380405,3.376740256769352,8,6.409606327959552,0.4659057494084836,0.47532086135504414,loading
slow,17.66,6.073855878611068,3.382166949215893,8,6.419094888521429,0.46511489439834175,0.47362130153061344,loading
slow,17.68,6.081968067447271,3.3875654953514207,8,6.42854952907505,0.46432686662017975,0.47192851720723183,loading
slow,17.7,6.090068748412278,3.3929360106379116,8,6.437970384844044,0.4635416548030904,0.47024248112848,loading
slow,17.72,6.098157960872456,3.398278610071539,8,6.447357590507765,0.4627592477215299,0.4685631661232037,loading
slow,17.740000000000002,6.106235744037882,3.4035934081845176,8,6.456711280203458,0.4619796341951402,0.466890545141041,loading
slow,17.76,6.114302136962998,3.4088805190470093,8,6.466031587528506,0.46120280308856043,0.46522459123110593,loading
slow,17.78,6.122357178547212,3.414140056268934,8,6.47531864554253,0.4604287433112534,0.4635652775704102,loading
slow,17.8,6.130400907535542,3.419372133001873,8,6.484572586769645,0.4596574438173159,0.46191257743544156,loading
slow,17.82,6.13843336251924,3.4245768619409125,8,6.493793543200533,0.45888889360530516,0.46026646419505823,loading
slow,17.84,6.146454581936386,3.4297543553264447,8,6.502981646294637,0.4581230817180585,0.45862691133891076,loading
slow,17.86,6.154464604072523,3.434904724946028,8,6.512137026982281,0.4573599972425152,0.4569938924632311,loading
slow,17.88,6.162463467061265,3.4400280821362035,8,6.5212598156668315,0.45659962930953724,0.45536738127793797,loading
slow,17.900000000000002,6.170451208884918,3.445124537784329,8,6.530350142226781,0.45584196709373315,0.45374735157821533,loading
slow,17.92,6.178427867375069,3.4501942023303527,8,6.539408136017884,0.45508699981328415,0.4521337772942502,loading
slow,17.94,6.186393480213209,3.455237185768647,8,6.548433925875252,0.45433471672976455,0.45052663242728386,loading
slow,17.96,6.194348084931342,3.4602535976498063,8,6.557427640115471,0.4535851071479696,0.4489258911064553,loading
slow,17.98,6.2022917189125515,3.465243547082396,8,6.566389406538662,0.45283816041574154,0.4473315275603795,loading
slow,18.0,6.210224419391656,3.4702071427347927,8,6.575319352430612,0.4520938659237921,0.44574351611714746,loading
slow,18.02,6.218181560580575,3.4751974799701055,9,6.584288260260402,0.45134716532265495,0.4542441322605839,loading
slow,18.04,6.2261930596732284,3.4802592673202803,9,6.593355797156888,0.450591399672155,0.45259322274748826,loading
slow,18.06,6.045671774239192,3.202780413472547,8,6.225616300592148,0.48124145629294157,0.5137761074465175,loading
slow,18.080000000000002,6.054005618413484,3.2088695246594043,8,6.235872333866145,0.48038663227768696,0.5119211983881655,loading
slow,18.1,6.0623270260793305,3.2149278336844236,8,6.24609134672409,0.4795348939138929,0.510073690804802,loading
slow,18.12,6.070636040355858,3.220955466704375,8,6.2562734868823044,0.4786862288893815,0.5082335548820538,loading
slow,18.14,6.078932704190793,3.22695254936713,8,6.266418901462534,0.47784062494153745,0.5064007609831833,loading
slow,18.16,6.08721706036116,3.2329192068137114,8,6.276527736994287,0.4769980698571017,0.5045752795069802,loading
slow,18.18,6.095529150716942,3.2389155415428266,9,6.286680116901302,0.47615283771417416,0.5141694713914902,loading
slow,18.2,6.103902835875836,3.2449921563427857,9,6.296943574280704,0.47529739151063577,0.5122724083328478,loading
slow,18.22,6.1122636519317215,3.2510373457059916,9,6.307169171671849,0.4744451009507211,0.5103830805026632,loading
slow,18.240000000000002,6.120611644710028,3.2570512410899193,9,6.317357063444935,0.47359595316759595,0.5085014560863854,loading
slow,18.26,6.1289468598499575,3.2630339734103226,9,6.327507403335289,0.472749935347341,0.5066275033813739,loading
slow,18.28,6.137269342805222,3.2689856730434346,9,6.337620344446043,0.4719070347287362,0.5047611908768346,loading
slow,18.3,6.145579138844841,3.2749064698282253,9,6.3476960392506445,0.4710672386030401,0.5029024871259224,loading
slow,18.32,6.153876293053864,3.2807964930685714,9,6.357734639595495,0.4702305343137789,0.5010513608416645,loading
slow,18.34,6.162160850334148,3.2866558715354914,9,6.367736296702572,0.46939690925652444,0.4992077808649853,loading
slow,18.36,6.170432855405107,3.2924847334693275,9,6.377701161171872,0.46856635087868903,0.4973717161407265,loading
slow,18.38,6.178692352804461,3.2982832065819214,9,6.387629382984152,0.46773884667930443,0.4955431358055762,loading
slow,18.400000000000002,6.18693938688898,3.304051418058803,9,6.397521111503293,0.46691438420881326,0.49372200905217767,loading
slow,18.42,6.1951740018352375,3.309789494561347,9,6.407376495478971,0.4660929510688552,0.4919083052330464,loading
slow,18.44,6.203396241640341,3.315497562228944,9,6.417195683049112,0.46527453491205906,0.49010199382060193,loading
slow,18.46,6.096542395769394,3.148605959810657,9,6.196877157695353,0.4836380541643942,0.5338076680843074,loading
slow,18.48,6.1050957927012774,3.1551323390431882,10,6.207680235393823,0.4827384512197118,0.5416500303656591,loading
slow,18.5,6.113659943930305,3.161661766131497,10,6.218491738096631,0.4818373221551907,0.5396039589200541,loading
slow,18.52,6.122210191553332,3.1681573128610188,10,6.2292624086376716,0.480939596478815,0.5375663834517042,loading
slow,18.54,6.13074658653505,3.1746191232953365,10,6.239992416562861,0.4800452600587962,0.5355372684157089,loading
slow,18.56,6.139269179629105,3.181047340893956,10,6.250681930708491,0.4791542988224895,0.5335165783648677,loading
slow,18.580000000000002,6.147778021378956,3.1874421085147797,10,6.261331119204246,0.47826669875615313,0.531504278082906,loading
slow,18.6,6.156273162118779,3.1938035684166675,10,6.271940149476056,0.47738244590469736,0.5295003324246039,loading
slow,18.62,6.164754651974349,3.200131862261957,10,6.282509188249112,0.4765015263714417,0.5275047064134952,loading
slow,18.64,6.173222540863877,3.206427131118914,10,6.293038401550855,0.47562392631786843,0.5255173652756184,loading
slow,18.66,6.181676878498923,3.2126895154642754,10,6.303527954713737,0.4747496319633798,0.5235382742956318,loading
slow,18.68,6.190117714385229,3.218919155185697,10,6.313978012378301,0.47387862958505267,0.5215673989322767,loading
slow,18.7,6.198545097823587,3.225116189584213,10,6.324388738495997,0.47301090551740166,0.5196047048166008,loading
slow,18.72,6.206959077910705,3.23128075737672,10,6.334760296332065,0.4721464461521393,0.5176501577359716,loading
slow,18.740000000000002,6.215359703540056,3.2374129966984024,10,6.345092848468419,0.47128523793792865,0.5157037235630213,loading
slow,18.76,6.223747023402726,3.2435130451051855,10,6.355386556806544,0.4704272673801494,0.51376536833736,loading
slow,18.78,6.232121085988268,3.2495810395761486,10,6.365641582570263,0.46957252104066616,0.5118350582566933,loading
slow,18.8,6.2404819395855355,3.2556171165159475,10,6.375858086308708,0.46872098553757724,0.5099127596341901,loading
slow,18.82,6.248829632283524,3.2616214117572087,10,6.386036227898953,0.46787264754500113,0.5079984389659842,loading
slow,18.84,6.257164211972221,3.2675940605629497,10,6.396176166549066,0.46702749379281727,0.506092062872554,loading
slow,18.86,6.265485726343421,3.273535197628947,10,6.406278060800646,0.4661855110664491,0.5041935980347745,loading
slow,18.88,6.273794222891553,3.279444957086098,10,6.416342068531862,0.4653466862066301,0.5023030114230664,loading
slow,18.900000000000002,6.282089748914537,3.285323472502837,10,6.42636834696009,0.4645110061091601,0.5004202700114035,loading
slow,18.92,6.290372351514566,3.2911708768874393,10,6.436357052644719,0.46367845772468963,0.4985453409940277,loading
slow,18.94,6.298642077598954,3.2969873026903866,10,6.446308341489842,0.4628490280584846,0.49667819165755134,loading
slow,18.96,6.306898973880941,3.302772881806721,10,6.456222368747178,0.46202270417018965,0.4948187894537881,loading
slow,18.98,6.315143086880493,3.3085277455783313,10,6.466099289018559,0.46119947317361487,0.4929671019375803,loading
slow,19.0,6.323374462925132,3.3142520247963088,10,6.4759392562588785,0.4603793222364988,0.4911230968644986,loading
slow,19.02,6.331593148150738,3.3199458497032404,10,6.4857424237785954,0.45956223858028633,0.4892867420309699,loading
slow,19.04,6.339802938200933,3.325614974262182,11,6.4955164433626384,0.4587482094798997,0.49495712143432513,binding
slow,19.06,6.3480711245057115,3.3313602733023693,11,6.505395835555221,0.45792477015392674,0.49307740234194597,loading
slow,19.080000000000002,6.35632628498654,3.3370745740291974,11,6.515237716522471,0.45710445742292827,0.49120559761028915,loading
slow,19.1,6.274246786329147,3.207350000511751,10,6.344473393676312,0.47133707515038215,0.51829548089799,loading
slow,19.12,6.282629926389813,3.213503851371837,10,6.3548188145667375,0.4704747942409222,0.5163454578038795,loading
slow,19.14,6.290999746454354,3.2196254468143235,10,6.365125320041502,0.46961575695729063,0.5144035289887938,loading
slow,19.16,6.299411505577002,3.225797681807348,11,6.375503434595824,0.4687514081670875,0.5203326008738074,loading
slow,19.18,6.307833278098116,3.231972564868108,11,6.385889203917153,0.4678857617653306,0.5183451011205875,loading
slow,19.2,6.3162413780647135,3.23811462218035,11,6.39623531121268,0.4670234212300889,0.516365973746602,loading
slow,19.22,6.324635856259192,3.244223995427391,11,6.406541923556982,0.466164372635523,0.5143951832575766,loading
slow,19.240000000000002,6.333016763250587,3.2503008256897274,11,6.416809207315015,0.4653086021149313,0.5124326941903234,loading
slow,19.26,6.341384149395433,3.2563452534475523,11,6.427037328145255,0.4644560958605046,0.5104784713108046,loading
slow,19.28,6.349738064838686,3.2623574185833273,11,6.4372264510026405,0.4636068401230714,0.5085324794977808,loading
slow,19.3,6.358078559514617,3.268337460384314,11,6.447376740141607,0.4627608212118537,0.5065946838511692,loading
slow,19.32,6.366405683147715,3.2742855175451244,11,6.4574883591189645,0.46191802549421257,0.504665049515296,loading
slow,19.34,6.37471948525355,3.2802017281701943,11,6.467561470796954,0.4610784393954074,0.502743541842321,loading
slow,19.36,6.383020015139696,3.2860862297763402,11,6.477596237346185,0.4602420493983437,0.5008301263087489,loading
slow,19.38,6.391307321906604,3.2919391592952443,11,6.487592820248535,0.45940884204333654,0.49892476857316126,loading
slow,19.400000000000002,6.399581454448452,3.2977606530759034,11,6.497551380300108,0.458578803927856,0.49702743438029273,loading
slow,19.42,6.4078424614540666,3.3035508468871746,11,6.50747207761419,0.45775192170629164,0.4951380896898172,loading
slow,19.44,6.41609039140776,3.309309875920169,11,6.517355071624042,0.45692818208970987,0.49325670056088455,loading
slow,19.46,6.40304778625606,3.283148726976679,10,6.484672620104686,0.4596516568527921,0.4925023381900928,loading
slow,19.48,6.411249142776423,3.28887872922396,10,6.4945033006121555,0.4588322798778326,0.49065914614665473,loading
slow,19.5,6.419437822319894,3.294578286468034,10,6.50429719762797,0.45801596883111484,0.488823601347832,loading
slow,19.52,6.427613870810541,3.300247528355277,10,6.514054463760539,0.457202710992601,0.4869956717516999,loading
slow,19.54,6.435818399374066,3.3059481481897257,11,6.523857347876759,0.45638627301535617,0.49262406103256495,loading
slow,19.56,6.444043621355604,3.3116683595086944,11,6.533690170186489,0.4555667152372753,0.4907530337927568,loading
slow,19.580000000000002,6.452255879223721,3.317357715112843,11,6.543485654724699,0.454750269596642,0.48888988440243253,loading
slow,19.6,6.367329900335127,3.183377257065856,10,6.367042207233415,0.46945624593751556,0.5171584836016763,loading
slow,19.62,6.375677713928987,3.189526068761123,10,6.377364925725623,0.4685958571923784,0.5152120341644917,loading
slow,19.64,6.384012238175558,3.195642681034339,10,6.387648800122107,0.4677387061285242,0.5132736643975733,loading
slow,19.66,6.392333521563373,3.2017272308800577,10,6.397893991661751,0.4668847793065696,0.5113433405856682,loading
slow,19.68,6.400641612380259,3.2077798547183543,10,6.408100660908482,0.4660340633433703,0.5094210289247059,loading
slow,19.7,6.408936558714165,3.2138006883972303,10,6.418268967754305,0.465186544911805,0.5075066959658869,loading
slow,19.72,6.417261202821091,3.2198540234328332,11,6.428484624843377,0.4643357281481919,0.5133626216800025,loading
slow,19.740000000000002,6.425607429316852,3.2259275761814354,11,6.438731290839869,0.46348167603985657,0.5114033181481403,loading
slow,19.76,6.433940163499344,3.2319687757311355,11,6.448938857480799,0.462630882898902,0.5094522676225566,loading
slow,19.78,6.442259455431607,3.237977761743128,11,6.459107489458925,0.4617833349980174,0.5075094351338905,loading
slow,19.8,6.450565354966345,3.243954673284372,11,6.469237350767546,0.46093901866818376,0.5055747857509729,loading
slow,19.82,6.458857911746797,3.2498996488301013,11,6.479328604703502,0.4600979202984321,0.503648284687408,loading
slow,19.84,6.467137175207643,3.2558128262663417,11,6.489381413870154,0.45926002633560115,0.5017298973681861,loading
slow,19.86,6.475403194575874,3.2616943428924,11,6.499395940180317,0.4584253232840858,0.4998195893470836,loading
slow,19.88,6.483656018871674,3.267544335423362,11,6.5093723448592025,0.4575937977055926,0.49791732631376817,loading
slow,19.900000000000002,6.491895696909324,3.2733629399926123,11,6.519310788447269,0.45676543621889953,0.4960230740636007,loading
slow,19.92,6.500122277298047,3.27915029215425,11,6.529211430803245,0.45594022549961355,0.4941367986068812,loading
slow,19.94,6.508335808442883,3.284906526885585,11,6.539074431107033,0.45511815227992136,0.4922584660889129,loading
slow,19.96,6.516536338545581,3.2906317785895998,11,6.548899947862383,0.45429920334836316,0.49038804274026404,loading
slow,19.98,6.5247239156054295,3.2963261810973563,11,6.558688138900052,0.45348336554957547,0.4885254949584805,loading
slow,20.0,6.5328985874201315,3.301989867670444,11,6.568439161380505,0.45267062578406925,0.4866707893365074,loading
slow,20.02,6.541060401586661,3.3076229710034064,11,6.578153171796721,0.45186097100798694,0.4848238925641013,loading
slow,20.04,6.549209405502113,3.3132256232261423,11,6.587830325977201,0.4510543882328566,0.48298477148023267,loading
slow,20.06,6.557345646364553,3.3187979559063097,11,6.597470779088583,0.45025086452537166,0.48115339304288796,loading
slow,20.080000000000002,6.565469171173863,3.3243401000517165,11,6.607074685638643,0.449450387007147,0.4793297244072292,loading
slow,20.1,6.573580026732577,3.329852186112686,11,6.616642199478971,0.44865294285448487,0.47751373278970277,loading
slow,20.12,6.581678259646726,3.335334343984452,11,6.62617347380782,0.447858519298151,0.4757053856323523,loading
slow,20.14,6.589763916326675,3.3407867030094986,11,6.63566866117283,0.4470671036231334,0.4739046504305122,loading
slow,20.16,6.5978370429879405,3.3462093919799205,11,6.645127913473872,0.44627868316841657,0.4721114948713634,loading
slow,20.18,6.605897685652021,3.351602539139734,11,6.654551381965744,0.4454932453267556,0.4703258868117288,loading
slow,20.2,6.613945890147246,3.3569662721872655,11,6.6639392172608956,0.44471077754443644,0.4685477941333005,loading
slow,20.22,6.621981702109553,3.3623007182773987,11,6.673291569332175,0.4439312673210647,0.46677718495136133,loading
slow,20.240000000000002,6.630005166983334,3.3676060040239375,11,6.682608587515593,0.4431547022093236,0.46501402747622933,loading
slow,20.26,6.638016330022243,3.3728822555018843,11,6.691890420513018,0.4423810698147562,0.46325829009230546,loading
slow,20.28,6.646015236290012,3.3781295982497417,11,6.70113721639474,0.44161035779554325,0.4615099412585977,loading
slow,20.3,6.6540019306612415,3.3833481572717856,11,6.710349122602414,0.44084255386226745,0.45976894962418413,loading
slow,20.32,6.661976457822215,3.3885380570403276,11,6.719526285951424,0.44007764577770736,0.45803528391274995,loading
slow,20.34,6.669938862271685,3.3936994214979754,11,6.728668852633816,0.4393156213566023,0.4563089130433795,loading
slow,20.36,6.677889188321696,3.39883237405991,11,6.737776968220752,0.4385564684654403,0.45458980603552135,loading
slow,20.38,6.685827480098352,3.4039370376161044,11,6.746850777665287,0.43780017502222845,0.4528779320285281,loading
slow,20.400000000000002,6.635997490920255,3.3224267431304426,10,6.640425488590558,0.44667017532981235,0.46759254830597285,loading
slow,20.42,6.6440252099379595,3.3278180988757566,11,6.649830703844717,0.4458868583996858,0.4730046409466837,loading
slow,20.44,6.652076380822747,3.333233798387569,11,6.659271988798924,0.44509993548435844,0.4712146112249016,loading
slow,20.46,6.660115091935671,3.3386200063553657,11,6.668677552323192,0.44431598998272703,0.4694321159162129,loading
slow,20.48,6.6681413890249726,3.3439768502570346,11,6.678047544769509,0.44353500936279033,0.46765712299290385,loading
slow,20.5,6.676155317646844,3.349304457027967,11,6.687382115851371,0.44275698114577267,0.46588960064219975,loading
slow,20.52,6.68415692316627,3.354602953063421,11,6.6966814146465365,0.4419818929058802,0.46412951709839945,loading
slow,20.54,6.58385875679911,3.197676737997567,10,6.489606116397123,0.45924106871529213,0.49894098062885917,loading
slow,20.56,6.592038942686058,3.2035457891387225,10,6.499565260481745,0.4584109839893423,0.49706835385343595,loading
slow,20.580000000000002,6.600206296694566,3.2093838853368544,10,6.509487033684133,0.45758401415119154,0.49520349843135136,loading
slow,20.6,6.608360865478083,3.215191158350173,10,6.519371591089222,0.45676014627438155,0.4933463818002082,loading
slow,20.62,6.616502695496996,3.220967739384331,10,6.529219087132828,0.4559393674865637,0.4914969715930084,loading
slow,20.64,6.624631833019457,3.226713759094766,10,6.5390296756044854,0.45512166496925544,0.4896552355511119,loading
slow,20.66,6.632748324122165,3.2324293475889805,10,6.548803509650051,0.4543070259576236,0.4878211415348943,loading
slow,20.68,6.640852214691192,3.2381146344288565,10,6.558540741774436,0.45349543774026435,0.4859946576090124,loading
slow,20.7,6.435657488158649,2.924112596793085,9,6.1419413408724,0.4882181941860144,0.5596711045727787,loading
slow,20.72,6.444170795147166,2.9310274114768875,9,6.153112809050472,0.4872870643798677,0.5575816088843055,loading
slow,20.740000000000002,6.452670149425305,2.937907502213888,9,6.164242576926533,0.48635941030962937,0.5555006420854269,loading
slow,20.76,6.461155601446535,2.9447530139870954,9,6.175330814710365,0.4854352177882313,0.5534281691401688,loading
slow,20.78,6.469627201458975,2.951564091182131,9,6.186377691911622,0.48451447268695524,0.5513641550844994,loading
slow,20.8,6.478084999506244,2.958340877589692,9,6.1973833773428115,0.4835971609351952,0.5493085651542273,loading
slow,20.82,6.4865290454282984,2.9650835164079945,9,6.20834803912215,0.48268326852021093,0.5472613646810842,loading
slow,20.84,6.494959388862284,2.9717921502452245,9,6.219271844676373,0.48177278148689995,0.5452225191726612,loading
slow,20.86,6.503376079243349,2.978466921121948,9,6.230154960743625,0.4808656859375533,0.543191994264447,loading
slow,20.88,6.5117791658054855,2.9851079704735484,9,6.2409975533762845,0.47996196803161895,0.5411697557118345,loading
slow,20.900000000000002,6.520168697582365,2.9917154391526246,9,6.25179978794379,0.479061613985472,0.5391557694540694,loading
slow,20.92,6.528544723408139,2.9982894674313854,9,6.262561829135453,0.4781646100721775,0.5371500015822761,loading
slow,20.94,6.536907291918286,3.004830195004057,9,6.273283840963187,0.477270942621254,0.5351524182355405,loading
slow,20.96,6.545256451550399,3.0113377609892322,9,6.283965986764434,0.4763805980184479,0.5331629858087439,loading
slow,20.98,6.553592250545044,3.0178123039322893,9,6.294608429204794,0.4754935627054926,0.5311816707047612,loading
slow,21.0,6.561914736946514,3.0242539618076822,9,6.3052113302809385,0.4746098231798923,0.5292084396462116,loading
slow,21.02,6.570223958603673,3.0306628720213458,9,6.3157748513231775,0.4737293659946762,0.5272432592917653,loading
slow,21.04,6.578519963170759,3.037039171413023,9,6.3262991529984065,0.4728521777581798,0.5252860965638817,loading
slow,21.06,6.586802798108163,3.043382996258577,9,6.336784395312658,0.47197824513381925,0.5233369184889369,loading
slow,21.080000000000002,6.595072510683249,3.0496944822723324,9,6.3472307376139545,0.4711075548398562,0.5213956922291985,loading
slow,21.1,6.603329147971127,3.055973764609383,9,6.357638338594939,0.4702400936491773,0.5194623850668378,loading
slow,21.12,6.61157275685547,3.062220977867886,9,6.368007356295609,0.4693758483890702,0.5175369644518923,loading
slow,21.14,6.6198033840292645,3.0684362560913554,9,6.378337948105986,0.46851480594099737,0.5156193979543033,loading
slow,21.16,6.62802107599563,3.074619732770952,9,6.3886302707687515,0.4676569532403747,0.513709653247929,loading
slow,21.18,6.636225879068583,3.0807715408477527,9,6.398884480382033,0.46680227727634516,0.5118076981744935,loading
slow,21.2,6.6444178393738085,3.086891812715009,9,6.409100732401909,0.4659507650915675,0.5099135007196054,loading
slow,21.22,6.652597002849456,3.0929806802204243,9,6.419279181645141,0.4651024037819833,0.5080270289408162,loading
slow,21.240000000000002,6.6607634152468815,3.0990382746683656,9,6.429419982291805,0.4642571804966069,0.5061482510875237,loading
slow,21.26,6.66891712213144,3.1050647268221256,9,6.439523287887844,0.4634150824373058,0.5042771355130427,loading
slow,21.28,6.677058168883244,3.111060166906147,9,6.4495892513477635,0.4625760968585786,0.5024136507065791,loading
slow,21.3,6.685186600697913,3.1170247246082208,9,6.45961802495718,0.46174021106734275,0.5005577652932303,loading
slow,21.32,6.693302462587344,3.122958529081718,9,6.469609760375387,0.4609074124227186,0.49870944801000405,loading
slow,21.34,6.7014057993804705,3.1288617089477837,9,6.479564608637999,0.46007768833580887,0.4968686677058187,loading
slow,21.36,6.709496655723996,3.134734392297506,9,6.489482720159507,0.4592510262694962,0.4950353934614071,loading
slow,21.38,6.71757507608317,3.140576706694143,9,6.499364244735709,0.45842741373821605,0.49320959430154687,loading
slow,21.400000000000002,6.725641104742511,3.1463887791752554,9,6.509209331546514,0.4576068383077567,0.4913912395947406,loading
slow,21.42,6.733694785806559,3.1521707362548854,9,6.5190181291581455,0.4567892875950397,0.4895802986215614,loading
slow,21.44,6.741736163200617,3.1579227039257045,9,6.528790785526003,0.45597474926791426,0.48777674097433277,loading
slow,21.46,6.74976528067149,3.163644807661182,9,6.538527447996926,0.4551632110449446,0.4859805362613656,loading
slow,21.48,6.757782181788201,3.1693371724176806,9,6.548228263311773,0.45435466069520314,0.48419165421087484,loading
slow,21.5,6.7657869099427455,3.1749999226366246,9,6.557893377608007,0.453549086038064,0.48241006477489634,loading
slow,21.52,6.773779508350813,3.180633182246608,9,6.5675229364220025,0.4527464749429906,0.4806357378894788,loading
slow,21.54,6.781826556916922,3.1863368050877328,10,6.577250083546187,0.45193646897973705,0.4877113030321567,loading
slow,21.56,6.789883259503458,3.19204347365168,10,6.58698510340342,0.4511250649950723,0.48588334428778523,loading
slow,21.580000000000002,6.79792741390545,3.197719936828517,10,6.596683643781225,0.4503167015991105,0.48406297055159087,loading
slow,21.6,6.805959065665384,3.2033663232140652,10,6.606345856046752,0.44951136617528176,0.4822501501333676,loading
slow,21.62,6.813978260137347,3.20898276086489,10,6.615971890933559,0.44870904615981677,0.48044485136067294,loading
slow,21.64,6.821985042487777,3.2145693773005073,10,6.625561898544386,0.4479097290415338,0.4786470427919909,loading
slow,21.66,6.829979457696254,3.22012629950565,10,6.635116028353772,0.4471134023616078,0.4768566930657414,loading
slow,21.68,6.837961550556297,3.2256536539325116,10,6.644634429210659,0.4463200537133608,0.4750737709890984,loading
slow,21.7,6.845931365676131,3.231151566502974,10,6.65411724934103,0.4455296707420334,0.4732982454314083,loading
slow,21.72,6.85388894747946,3.2366201626108286,10,6.663564636350546,0.4447422411445775,0.47153008547518027,loading
slow,21.740000000000002,6.861834340206247,3.2420595671239916,10,6.672976737227121,0.4439577526694316,0.46976926030062316,loading
slow,21.76,6.789816557392083,3.127645282783786,9,6.5225535614798105,0.45649479530185055,0.49110510201710866,loading
slow,21.78,6.72737645298319,3.0277716058954987,8,6.391459832387089,0.46742048590032936,0.5056631910420606,loading
slow,21.8,6.735454269937312,3.033826727919923,8,6.401553862888574,0.46657916414307743,0.5038326055029074,loading
slow,21.82,6.743519859319303,3.0398514287840337,8,6.411611358443676,0.4657408875735428,0.502009326190489,loading
slow,21.84,6.751573263678235,3.0458458330291376,8,6.42163246486825,0.4649056440379561,0.5001933237238632,loading
slow,21.86,6.759614525393999,3.051810064694185,8,6.43161732739117,0.46407342143146857,0.4983845687931421,loading
slow,21.88,6.767643686677971,3.0577442473177747,8,6.441566090656754,0.4632442076979558,0.496583032223441,loading
slow,21.900000000000002,6.644125829129525,2.8664940448238836,8,6.188556959388654,0.4843323888676815,0.5456258008322834,loading
slow,21.92,6.652441490165321,2.873227808993237,8,6.199448554075891,0.4834245900399341,0.5436345551004251,loading
slow,21.94,6.66074399769613,2.8799284085639827,8,6.2103004074120545,0.4825201036542217,0.5416512627149928,loading
slow,21.96,6.669033397990468,2.8865959791324096,8,6.221112678127652,0.48161891648033517,0.5396758916731415,loading
slow,21.98,6.677309737132685,2.893230655747902,8,6.231885524314249,0.4807210153413174,0.5377084100572915,loading
slow,22.0,6.685573061023689,2.8998325729151406,8,6.242619103426987,0.4798263871132623,0.5357487861346044,loading
slow,22.02,6.693823415381711,2.9064018645963077,8,6.253313572287153,0.4789350187250908,0.5337969882432958,loading
slow,22.04,6.702060845743013,2.9129386642132578,8,6.2639690870847655,0.4780468971583457,0.5318529849134279,loading
slow,22.06,6.710285397462641,2.9194431046497193,8,6.274585803381042,0.47716200944697595,0.5299167447532227,loading
slow,22.080000000000002,6.718539122570258,2.925978306479972,9,6.285247867765083,0.4762743421332556,0.5399733641500148,loading
slow,22.1,6.726857578706792,2.9325974093970566,9,6.296026198750435,0.47537598024462757,0.5379616859659819,loading
slow,22.12,6.735162563576086,2.9391831006424014,9,6.306764382430427,0.4744809646489223,0.5359582174948585,loading
slow,22.14,6.7434541257561165,2.945735519766655,9,6.317462582644697,0.47358928169002423,0.533962924987641,loading
slow,22.16,6.751732313627187,2.9522548057454543,9,6.328120962559037,0.4727009177679815,0.5319757748152298,loading
slow,22.18,6.759997175372764,2.958741096981786,9,6.33873968466817,0.47181585933877623,0.5299967334844169,loading
slow,22.2,6.7682487589802705,2.9651945313083456,9,6.349318910798487,0.47093409291409594,0.5280257676378852,loading
slow,22.22,6.776487112241904,2.9716152459898852,9,6.359858802110841,0.47005560506110244,0.5260628440701964,loading
slow,22.240000000000002,6.784712282755423,2.9780033777255444,9,6.370359519103239,0.4691803824022034,0.524107929679829,loading
slow,22.26,6.79292431792496,2.984359062651184,9,6.380821221613664,0.4683084116148257,0.5221609915730951,loading
slow,22.28,6.801123264961824,2.990682436341714,9,6.391244068822609,0.4674396794311926,0.520221996920256,loading
slow,22.3,6.809309170885266,2.9969736338133752,9,6.401628219256002,0.46657417263808876,0.5182909130674318,loading
slow,22.32,6.817482082523295,3.0032327895260678,9,6.411973830787709,0.4657118780766456,0.5163677074566664,loading
slow,22.34,6.825642046513453,3.009460037385627,9,6.422281060642364,0.46485278264211183,0.5144523477058627,loading
slow,22.36,6.833789109303606,3.015655510746108,9,6.4325500653979,0.46399687328363437,0.5125448015128597,loading
slow,22.38,6.841923317152711,3.0218193424120483,9,6.442781000988401,0.4631441370040319,0.5106450367833304,loading
slow,22.400000000000002,6.850044716131601,3.0279516646407427,9,6.452974022706531,0.4622945608595803,0.5087530214948899,loading
slow,22.42,6.858153352123754,3.0340526091444784,9,6.4631292852063575,0.4614481319597856,0.5068687237850256,loading
slow,22.44,6.866249270826087,3.040122307092816,9,6.473246942505838,0.4606048374671714,0.5049921118951417,loading
slow,22.46,6.874425741565011,3.0463005849503335,10,6.48351345573284,0.45974991238153395,0.5124043112481047,loading
slow,22.48,6.882589005865469,3.05244672875129,10,6.493741231684028,0.45889743663240345,0.5104712728698502,loading
slow,22.5,6.890739112078782,3.0585608751540194,10,6.503930431193389,0.4580481762555658,0.5085462601783775,loading
slow,22.52,6.89893849085766,3.064736659113845,11,6.5142059045426794,0.45719237456993334,0.5143993818794712,loading
slow,22.54,6.907139957476671,3.0709032137393986,11,6.524473192477731,0.4563366030684195,0.5124292987650492,loading
slow,22.56,6.91532791713637,3.077037207401129,11,6.534701165969315,0.4554841084622747,0.5104675166114347,loading
slow,22.580000000000002,6.923502420170594,3.0831387805811423,11,6.544889990666424,0.45463487694447957,0.5085140001783728,loading
slow,22.6,6.931663516701608,3.0892080731638067,11,6.555039831514614,0.4537888947666465,0.5065687143721576,loading
slow,22.62,6.939811256641004,3.0952452244383233,11,6.565150852758818,0.4529461482387823,0.5046316242065529,loading
slow,22.64,6.947945689690602,3.1012503731012404,11,6.57522321794654,0.45210662372903,0.502702694900492,loading
slow,22.66,6.956066865343338,3.1072236572589844,11,6.585257089930647,0.45127030766342857,0.5007818917901474,loading
slow,22.68,6.96417483288414,3.1131652144303352,11,6.595252630872402,0.4504371865256622,0.4988691803484713,loading
slow,22.7,6.972269641390827,3.1190751815489683,11,6.605210002244387,0.44960724685682296,0.49696452626335486,loading
slow,22.72,6.98035133973498,3.1249536949659116,11,6.615129364833394,0.44878047525515175,0.49506789521469585,loading
slow,22.740000000000002,6.9884199765828185,3.130800890452028,11,6.625010878743436,0.44795685837581767,0.49317925324832146,loading
slow,22.76,6.996475600396078,3.136616903200496,11,6.634854703398525,0.44713638293065006,0.4912985663256819,loading
slow,22.78,7.004578675452812,3.142492405733028,12,6.64478174345944,0.4463095012182331,0.49575807823742934,loading
slow,22.8,7.012671613827202,3.148340974647613,12,6.654676781561207,0.44548475510773644,0.49384285404485695,loading
slow,22.82,7.020751275638823,3.154157963183616,12,6.664533601003026,0.4446631945662468,0.4919357979868977,loading
slow,22.84,7.028817710873454,3.1599435093423596,12,6.674352364779089,0.44384480600799103,0.4900368749822803,loading
slow,22.86,7.036870969304175,3.1656977505307147,12,6.684133235182788,0.44302957590560477,0.4881460500456569,loading
slow,22.88,7.044911100492282,3.171420823563647,12,6.6938763738097755,0.4422174907898825,0.4862632883657625,loading
slow,22.900000000000002,7.052938153788183,3.177112864666761,12,6.703581941560868,0.44140853724953366,0.48438855527166425,loading
slow,22.92,7.060952178332343,3.1827740094788686,12,6.713250098645036,0.44060270193093454,0.48252181625052515,loading
slow,22.94,7.06895322305612,3.188404393054452,12,6.722881004582513,0.43979997153786676,0.48066303691385315,loading
slow,22.96,7.076941336682744,3.1940041498662466,12,6.732474818207613,0.4390003328312877,0.4788121830650027,loading
slow,22.98,7.084916567728147,3.1995734138076943,12,6.742031697671766,0.4382037726290695,0.47696922059969893,loading
slow,23.0,7.092878964501885,3.2051123181954586,12,6.7515518004463955,0.43741027780576824,0.4751341156143951,loading
slow,23.02,7.100828575108018,3.2106209957719,12,6.761035283325909,0.43661983529236603,0.4733068343014679,loading
slow,23.04,7.108765447445997,3.216099578707546,12,6.7704823024305325,0.4358324320760427,0.4714873430451405,loading
slow,23.06,7.116689629211539,3.2215481986035592,12,6.779893013209327,0.4350480551999165,0.4696756083255593,loading
slow,23.080000000000002,7.124601167897502,3.226966986494182,12,6.789267570442919,0.4342666917628246,0.46787159681471735,loading
slow,23.1,7.1325001107947585,3.23235607284917,12,6.798606128246557,0.43348832891906475,0.46607527533382154,loading
slow,23.12,7.140386504993074,3.237715587576238,12,6.807908840072765,0.4327129538781651,0.4642866107467114,loading
slow,23.14,7.14826039738195,3.243045660023456,12,6.817175858714427,0.43194055390464636,0.46250557018368,loading
slow,23.16,7.156121834651511,3.248346418981683,12,6.826407336307436,0.43117111631778804,0.4607321208922599,loading
slow,23.18,7.163970863293336,3.2536179926869426,12,6.835603424333593,0.43040462849137995,0.45896623015195814,loading
slow,23.2,7.171807529601324,3.2588605088228118,12,6.844764273623461,0.42964107785350836,0.457207865562026,loading
slow,23.22,7.179631879672549,3.2640740945228104,12,6.853890034359077,0.42888045188630086,0.45545699468796386,loading
slow,23.240000000000002,7.187443959408096,3.269258876372767,12,6.862980856076831,0.42812273812571233,0.45371358537948936,loading
slow,23.26,7.195243814513919,3.2744149804131824,12,6.872036887670138,0.42736792416127634,0.4519776054543456,loading
slow,23.28,7.203031490501658,3.2795425321415443,12,6.881058277392345,0.42661599763589175,0.4502490230464673,loading
slow,23.3,7.21080703268948,3.2846416565146788,12,6.890045172859409,0.42586694624557964,0.44852780636439604,loading
slow,23.32,7.218570486202925,3.2897124779511078,12,6.898997721052561,0.42512075773926294,0.4468139237161495,loading
slow,23.34,7.2263218959757225,3.2947551203333165,12,6.907916068321192,0.42437741991853406,0.44510734360159177,loading
slow,23.36,7.234061306750615,3.299769707010102,12,6.916800360385384,0.42363692063742564,0.44340803449216537,loading
slow,23.38,7.241788763080191,3.3047563607988377,12,6.9256507423389415,0.4228992478021999,0.44171596534070545,loading
slow,23.400000000000002,7.249504309327687,3.30971520398779,12,6.934467358651623,0.4221643893711009,0.44003110483359364,loading
slow,23.42,7.228351515637883,3.271415730153058,11,6.8855914879719835,0.4262377530000673,0.44452397279037825,loading
slow,23.44,7.2360618764708065,3.276433417653854,11,6.8944643558892595,0.425498207659435,0.4428478024802729,loading
slow,23.46,7.243760516536327,3.281423516237357,11,6.903303774505529,0.4247614503482965,0.4411786850866406,loading
slow,23.48,7.251447478676912,3.28638614522571,11,6.912109884564148,0.42402746933553814,0.4395165906059262,loading
slow,23.5,7.259122805555272,3.2913214234332586,11,6.920882826210892,0.4232962529398647,0.43786148926905355,loading
slow,23.52,7.266786539655119,3.296229469168747,11,6.929622738996312,0.4225677895295894,0.4362133513851063,loading
slow,23.54,7.151568956988342,3.1170545609550375,10,6.692839039449199,0.4423031991396086,0.47742912450132735,loading
slow,23.56,7.159453697860492,3.1226419708002817,10,6.7023688197305376,0.4415089016571333,0.4756396161376131,loading
slow,23.580000000000002,7.16732615527296,3.1281998102277244,10,6.711862887864202,0.44071758080575607,0.4738575332741135,loading
slow,23.6,7.17518637381022,3.133728205128933,10,6.72132139203403,0.43992922423423586,0.4720828448601111,loading
slow,23.62,7.1830343978722695,3.1392272808675066,10,6.7307444798036276,0.4391438196430263,0.4703155199425879,loading
slow,23.64,7.190870271675415,3.1446971622813154,10,6.740132298119024,0.43836135478405724,0.4685555277106346,loading
slow,23.66,7.198694039253063,3.1501379736847017,10,6.749484993311237,0.43758181746051716,0.46680283744215956,loading
slow,23.68,7.206505744456436,3.155549838870652,10,6.758802711098877,0.43680519552664443,0.46505741861047056,loading
slow,23.7,7.214305430955374,3.1609328811129953,10,6.768085596590687,0.43603147688750676,0.46331924076881137,loading
slow,23.72,7.222093142239082,3.166287223168583,10,6.777333794288127,0.43526064949878973,0.4615882736036525,loading
slow,23.740000000000002,7.229868921616873,3.171612987279435,10,6.78654744808787,0.434492701366591,0.45986448696133664,loading
slow,23.76,7.237632812218944,3.1769102951749164,10,6.795726701284384,0.4337276205471995,0.45814785077702425,loading
slow,23.78,7.245384856997106,3.1821792680738747,10,6.804871696572432,0.43296539514689136,0.4564383351279844,loading
slow,23.8,7.2531250987255405,3.1874200266867807,10,6.8139825760495665,0.4322060133217215,0.4547359102247128,loading
slow,23.82,7.260853580001545,3.1926326912178626,10,6.823059481218623,0.43144946327730904,0.4530405463309961,loading
slow,23.84,7.268570343246253,3.197817381367205,10,6.832102552990333,0.4306957332686384,0.4513522139948378,loading
slow,23.86,7.276275430705404,3.202974216332894,10,6.841111931685608,0.42994481159984266,0.44967088371983266,loading
slow,23.88,7.283968884450061,3.2081033148131035,10,6.85008775703813,0.429196686624007,0.4479965262138563,loading
slow,23.900000000000002,7.291650746377307,3.213204795008161,10,6.859030168196822,0.42845134674295726,0.4463291123091295,loading
slow,23.92,7.299321058211056,3.218278774622711,10,6.867939303728239,0.42770878040705884,0.44466861294445437,loading
slow,23.94,7.306979861502686,3.223325370867692,10,6.8768153016190325,0.42696897611501183,0.44301499917409615,loading
slow,23.96,7.314627197631822,3.2283447004624772,10,6.88565829927839,0.42623192241364893,0.44136824217666515,loading
slow,23.98,7.322263107807032,3.233336879636915,10,6.894468433540428,0.42549760789773705,0.4397283132728802,loading
slow,24.0,7.2448092625721365,3.1107801727250872,9,6.7331848040111435,0.43893991283086664,0.46375798154318915,loading
slow,24.02,7.252551369728717,3.1161663822055576,9,6.742442067069915,0.4381683322981397,0.4620546475910814,loading
slow,24.04,7.260281852126255,3.121524410329537,9,6.7516653363926595,0.4373995851552833,0.46035825605983405,loading
slow,24.060000000000002,7.26800075091689,3.126854375069889,9,6.7608547505283205,0.4366336598541759,0.4586687784318144,loading
slow,24.080000000000002,7.275708107085599,3.1321563939132866,9,6.77001044745608,0.435870544894183,0.4569861862764313,loading
slow,24.1,7.283403961450894,3.1374305838622094,9,6.779132564587652,0.4351102288219675,0.45531045126168124,loading
slow,24.12,7.291088354665511,3.142677061436939,9,6.788221238769682,0.43435270023129446,0.45364154521632116,loading
slow,24.14,7.298761327217068,3.147895942677541,9,6.797276606286075,0.43359794776282745,0.4519794400046351,loading
slow,24.16,7.306422919428773,3.1530873431458533,9,6.806298802860239,0.43284596010395493,0.4503241076978526,loading
slow,24.18,7.202134629729798,2.990368750784169,8,6.591436065649061,0.4507538268702578,0.481988092154495,loading
slow,24.2,7.2099385970324406,2.9960882399267597,8,6.601057538442971,0.44995189241141464,0.48024737994722955,loading
slow,24.22,7.2177308987279005,3.001778820608492,8,6.610644269972438,0.4491528536367766,0.4785136137570589,loading
slow,24.240000000000002,7.2255115752801515,3.007440611223791,8,6.620196398863852,0.4483566989918125,0.4767867656028102,loading
slow,24.26,7.233280666992325,3.013073729689474,8,6.629714063185636,0.44756341696850255,0.47506680766673526,loading
slow,24.28,7.241038214007361,3.018678293446737,8,6.639197400450412,0.4467729961051474,0.473353712180824,loading
slow,24.3,7.248859319860173,3.0243669359548955,9,6.648796595884968,0.4459738119121357,0.48233883059634053,loading
slow,24.32,7.256700579213728,3.030074378752427,9,6.65842466835928,0.44517132418971306,0.4805586358367364,loading
slow,24.34,7.264614043111294,3.035878622858251,10,6.668185644413908,0.4443584979394267,0.48761968702848435,loading
slow,24.36,7.272519377330987,3.041659081425508,10,6.6779187700909866,0.4435472513125087,0.4857858410911575,loading
slow,24.38,7.14608062948038,2.8460831514068694,9,6.419123466147046,0.46511706553781795,0.5282526008620891,loading
slow,24.400000000000002,7.154260636660606,2.852654454151523,10,6.429784772481821,0.4642292696284772,0.5360080235483622,loading
slow,24.42,7.162465976335874,2.859250553026783,10,6.440483541194719,0.46333753590504556,0.5339720552655081,loading
slow,24.44,7.170665764026584,2.8658251642862345,11,6.4511580462995255,0.4624485066728755,0.5401263740321127,loading
slow,24.46,7.178925235662227,2.872476064757126,11,6.4619386825882446,0.46154994669201455,0.5380428924190994,loading
slow,24.48,7.187170552268235,2.8790924654072385,11,6.472677741541358,0.46065485222114133,0.5359681950540818,loading
slow,24.5,7.195401767065572,2.8856745149188856,11,6.483375398451662,0.4597632086494101,0.5339022445838282,loading
slow,24.52,7.2036189330513345,2.8922223613418194,11,6.494031827867483,0.4588750014280386,0.5318450039455414,loading
slow,24.54,7.211822102999683,2.898736152095943,11,6.504647203595772,0.4579902160700252,0.5297964360737595,loading
slow,24.560000000000002,7.2200113294627855,2.905216033973947,11,6.515221698705325,0.45710883814990155,0.5277565041437171,loading
slow,24.580000000000002,7.228186664771769,2.9116621531440026,11,6.525755485529879,0.4562308533034706,0.5257251715251599,loading
slow,24.6,7.236348161037661,2.9180746551524086,11,6.5362487356712275,0.4553562472275341,0.5237024016366831,loading
slow,24.62,7.244495870152313,2.9244536849262492,11,6.546701620002408,0.45448500567964645,0.5216881581660004,loading
slow,24.64,7.252629843789343,2.930799386775998,11,6.55711430867067,0.45361711447784836,0.5196824048496751,loading
slow,24.66,7.260750133405054,2.9371119043981637,11,6.567486971100674,0.4527525595004128,0.5176851056285514,loading
slow,24.68,7.268856790239354,2.943391380877877,11,6.577819775997548,0.4518913266855924,0.5156962246566366,loading
slow,24.7,7.276949865316688,2.9496379586915094,11,6.588112891349828,0.45103340203135656,0.5137157261074776,loading
slow,24.72,7.285029409446935,2.9558517797092483,11,6.598366484432729,0.45017877159514563,0.5117435744770304,loading
slow,24.740000000000002,7.244097848776821,2.888540223222743,10,6.510589147611148,0.4493274214936124,-97.4817944655042,rupture
slow,24.76,7.252197109177459,2.8949056624731133,10,6.521004217061845,0.4566262998217746,0.5198149231411264,loading
slow,24.78,7.2602829884295055,2.9012383319151294,10,6.531379826129866,0.4557615016393629,0.5178458022214727,loading
slow,24.8,7.268399200972542,2.9076038325769424,11,6.541803433063218,0.4548933643337645,0.5238050683917805,loading
slow,24.82,7.224453525608283,2.8359613475371437,10,6.448188110341274,0.46269556104787535,0.5348429157780998,loading
slow,24.84,7.23263053750323,2.8425483500622115,10,6.458863618813831,0.4618057660102498,0.5328109368285538,loading
slow,24.86,7.240793844098462,2.849101654354773,10,6.469498576404003,0.4609193509162973,0.5307873995707979,loading
slow,24.88,7.248955699246679,2.8556397057012224,11,6.48011755532455,0.4600349456930558,0.5369036412199435,loading
slow,24.900000000000002,7.257172803351118,2.862247468965032,11,6.4908338706406,0.45914174685352094,0.5348328828516102,loading
slow,24.92,7.265375836344596,2.8688209443484034,11,6.501508862520703,0.45825199236118574,0.5327708549316412,loading
slow,24.94,7.273564851123286,2.8753602796234716,11,6.5121427051850995,0.45736566769461184,0.5307175204416481,loading
slow,24.96,7.281739900360833,2.8818656219336822,11,6.522735572114072,0.45648275839402996,0.5286728424316323,loading
slow,24.98,7.289901036509313,2.8883371177964583,11,6.5332876360510905,0.4556032500610888,0.5266367841567643,loading
slow,25.0,7.298048311800191,2.894774913105882,11,6.543799069005981,0.45472712835858564,0.5246093090089943,loading
slow,25.02,7.306181778245232,2.901179153135344,11,6.554270042257951,0.4538543790102122,0.5225903804975118,loading
slow,25.04,7.314301487637437,2.907549982540145,11,6.564700726358846,0.4529849878002902,0.5205799623286822,loading
slow,25.060000000000002,7.322407491551989,2.9138875453601623,11,6.575091291136152,0.452118940573523,0.5185780184282507,loading
slow,25.080000000000002,7.330499841347162,2.9201919850224485,11,6.585441905696033,0.45125622323472614,0.5165845127468316,loading
slow,25.1,7.338578588165241,2.9264634443438347,11,6.595752738426451,0.45039682174858053,0.5145994094171158,loading
slow,25.12,7.346643782933462,2.932702065533538,11,6.606023957000261,0.44954072213937857,0.5126226728036087,loading
slow,25.14,7.354695476364888,2.9389079901957165,11,6.616255728378145,0.4486879104907683,0.5106542673640746,loading
slow,25.16,7.362733718959351,2.945081359332074,11,6.626448218811733,0.44783837294549744,0.508694157702827,loading
slow,25.18,7.370758561004344,2.9512223133443953,11,6.636601593846552,0.4469920957051715,0.5067423086098088,loading
slow,25.2,7.3787700525759305,2.9573309920371167,11,6.646716018325056,0.44614906502999363,0.5047986849788799,loading
slow,25.22,7.386768243539613,2.963407534619834,11,6.656791656389631,0.44530926723852293,0.5028632519064047,loading
slow,25.240000000000002,7.394753183551273,2.9694520797098667,11,6.666828671485489,0.44447268870742196,0.5009359745526965,loading
slow,25.26,7.379309230135327,2.940364047725351,10,6.630018662793008,0.44754018498063586,0.5008825606385159,loading
slow,25.28,7.387251500753663,2.9463906936899393,10,6.640016444066767,0.4467068789470514,0.4989914313835442,loading
slow,25.3,7.395180912310703,2.9523860291034163,10,6.649976485258758,0.44587671857463473,0.4971081543754252,loading
slow,25.32,7.403097511912449,2.958350187112648,10,6.659898943068866,0.4450496908023248,0.49523269676399195,loading
slow,25.34,7.41100134646986,2.9642833003061884,10,6.669783973541104,0.4442257826237257,0.4933650258127642,loading
slow,25.36,7.418892462699617,2.9701855007165783,10,6.679631732066374,0.44340498108688287,0.4915051089682265,loading
slow,25.38,7.426770907124986,2.976056919822713,10,6.689442373385178,0.4425872732940427,0.48965291369107433,loading
slow,25.400000000000002,7.434636726076619,2.9818976885521495,10,6.699216051590447,0.44177264640144476,0.4878084077848399,loading
slow,25.42,7.4424899656933405,2.9877079372834143,10,6.708952920130077,0.4409610876190735,0.48597155895890864,loading
slow,25.44,7.450330671922963,2.9934877958482993,10,6.718653131809761,0.4401525842104532,0.48414233519977756,loading
slow,25.46,7.45815889052308,2.99923739353415,10,6.7283168387956795,0.4393471234924117,0.48232070462006504,loading
slow,25.48,7.465974667061879,3.004956859086166,10,6.737944192617094,0.43854469283486086,0.48050663542476,loading
slow,25.5,7.473778046918909,3.0106463207096468,10,6.747535344169101,0.43774527966057164,0.47870009596095997,loading
slow,25.52,7.48156907528589,3.0163059060722763,10,6.757090443715214,0.4369488714449563,0.4769010546894492,loading
slow,25.54,7.484340473590361,3.014430372499423,9,6.756600609294589,0.4369889866391852,0.468448964810797,loading
slow,25.560000000000002,7.492033082053762,3.0199349151415027,9,6.765951456168369,0.4362096055846143,0.46672318374074706,loading
slow,25.580000000000002,7.499713959913368,3.025410881388948,9,6.775267861345645,0.43543309525774365,0.4650044385687835,loading
slow,25.6,7.507383148859304,3.0308583908100806,9,6.784549965239717,0.4346594439550464,0.4632927002736764,loading
slow,25.62,7.515040690412256,3.036277562480424,9,6.793797907686535,0.43388864002113325,0.4615879401344003,loading
slow,25.64,7.522686625924219,3.041668514984804,9,6.803011827946908,0.4331206718485413,0.4598901294041724,loading
slow,25.66,7.530320996579178,3.0470313664193522,9,6.812191864708936,0.43235552787754783,0.45819923951029295,loading
slow,25.68,7.5379438433937835,3.052366234393505,9,6.821338156090404,0.4315931965959676,0.4565152420150653,loading
slow,25.7,7.545555207218062,3.0576732360320054,9,6.830450839641027,0.4308336665389585,0.4548381085287545,loading
slow,25.72,7.55315512873608,3.062952487976907,9,6.83953005234493,0.43007692628882754,0.45316781086057745,loading
slow,25.740000000000002,7.560743648466644,3.0682041063895684,9,6.848575930622892,0.42932296447483254,0.4515043208828118,loading
slow,25.76,7.568320806763975,3.0734282069526184,9,6.8575886103345995,0.4285717697730014,0.44984761061606093,loading
slow,25.78,7.575886643818382,3.078624904871934,9,6.866568226781111,0.4278233309059194,0.448197652143989,loading
slow,25.8,7.583511523294312,3.083899710644362,10,6.875655472291501,0.4270666103958246,0.454797041395949,loading
slow,25.82,7.591137097985406,3.0891650032862903,10,6.884733552278969,0.42630996207074046,0.45309712785446266,loading
slow,25.84,7.598750961836938,3.094402227172285,10,6.893777708090728,0.4255561413479646,0.45140426630396746,loading
slow,25.86,7.60635315720474,3.09961150185398,10,6.90278808045634,0.4248051364975739,0.4497184272267418,loading
slow,25.88,7.613943726269486,3.1047929463816506,10,6.91176480951638,0.4240569358387384,0.44803958124006726,loading
slow,25.900000000000002,7.621522711037375,3.1099466793062756,10,6.920708034824938,0.42331152773950875,0.4463676990429377,loading
slow,25.92,7.62909015334089,3.1150728186816448,10,6.92961789535208,0.4225689006166199,0.4447027515190882,loading
slow,25.94,7.63664609483952,3.1201714820664592,10,6.9384945294862,0.4218290429352859,0.44304470963041354,loading
slow,25.96,7.644190577020485,3.12524278652637,10,6.947338075036588,0.4210919432089931,0.44139354450578594,loading
slow,25.98,7.651723641199439,3.130286848636064,10,6.956148669235772,0.4203575899992983,0.4397492273522374,loading
slow,26.0,7.4910408670132576,2.8831106295665223,9,6.628631063073135,0.44765546545598756,0.49664854498576716,loading
slow,26.02,7.498883782661714,2.8891027845279136,9,6.638544675858762,0.44682917752073437,0.49480610757512977,loading
slow,26.04,7.506714290283188,2.8950643737259787,9,6.648421518867575,0.4460059543598981,0.49297118635216464,loading
slow,26.060000000000002,7.514532434375258,2.900995524910776,9,6.658261742098385,0.44518578347100035,0.491143750389611,loading
slow,26.080000000000002,7.522338259254546,2.906896365305957,9,6.66806549493322,0.44436865240297496,0.4893237689200802,loading
slow,26.1,7.530131809057458,2.9127670216109127,9,6.677832926139638,0.44355454875596945,0.48751121127210695,loading
slow,26.12,7.537913127740918,2.918607620002957,9,6.687564183873415,0.44274346018112654,0.4857060469340979,loading
slow,26.14,7.545695701855816,2.9244384472737583,10,6.697286298201663,0.44193388061815153,0.4928656194813641,loading
slow,26.16,7.553541987227298,2.930353078671642,10,6.707124072285269,0.44111391114734855,0.491006053451315,loading
slow,26.18,7.561375616728796,2.9362369278058575,10,6.7169247361702356,0.44029703483649596,0.4891542081875144,loading
slow,26.2,7.569196636681074,2.9420901255910676,10,6.726688443931592,0.43948323884330953,0.48731005130697724,loading
slow,26.22,7.57700509321311,2.947912802392978,10,6.736415348999514,0.43867251037926425,0.48547355068429,loading
slow,26.240000000000002,7.584801032262867,2.953705088030598,10,6.746105604162023,0.43786483670935283,0.4836446742562117,loading
slow,26.26,7.422823124132016,2.7049905638661773,9,6.416402125932169,0.4653448369862122,0.5401697667162253,loading
slow,26.28,7.430922561769677,2.711723001151867,9,6.427184282036687,0.46444615552130464,0.5381482923425551,loading
slow,26.3,7.439008543638497,2.7184218235480215,9,6.437926095367252,0.46355083664197927,0.5361350710026969,loading
slow,26.32,7.4470811185455545,2.725087171354632,9,6.448627730627377,0.4626588666201118,0.5341300687184969,loading
slow,26.34,7.455140335099223,2.7317191842936235,9,6.459289351843233,0.46177023178403986,0.5321332517107535,loading
slow,26.36,7.463186241710012,2.7383180015112476,9,6.469911122366223,0.46088491851833735,0.5301445862704313,loading
slow,26.38,7.471218886591338,2.7448837615804105,9,6.480493204876049,0.46000291326357134,0.5281640389043218,loading
slow,26.400000000000002,7.479238317760373,2.7514166025030686,9,6.491035761383236,0.459124202516083,0.5261915762311276,loading
slow,26.42,7.487244583038827,2.7579166617125512,9,6.501538953231962,0.458248772827753,0.5242271649974484,loading
slow,26.44,7.495237730053777,2.7643840760759377,9,6.512002941102792,0.4573766108057692,0.5222707720218267,loading
slow,26.46,7.503217806238428,2.7708189818963396,9,6.5224278850155555,0.4565077031124073,0.5203223644425492,loading
slow,26.48,7.511184858832966,2.777221514915275,9,6.532813944331752,0.45564203646479784,0.5183819093259601,loading
slow,26.5,7.519138934885287,2.78359181031492,9,6.543161277757567,0.45477959763470166,0.5164493739862053,loading
slow,26.52,7.527080081251839,2.789930002720472,9,6.553470043346369,0.45392037344829006,0.5145247258493413,loading
slow,26.54,7.535008344598392,2.7962362262024008,9,6.563740398501586,0.4530643507859097,0.5126079325012967,loading
slow,26.560000000000002,7.542923771400808,2.80251061427875,9,6.573972499979153,0.45221151658187264,0.5106989616239233,loading
slow,26.580000000000002,7.550826407945856,2.8087532999174187,9,6.58416650389033,0.4513618578242241,0.508797781018977,loading
slow,26.6,7.558716300331948,2.814964415538386,9,6.594322565704339,0.45051536155452576,0.5069043586480859,loading
slow,26.62,7.566593494469938,2.821144093016011,9,6.60444084025097,0.4496720148676413,0.5050186626647246,loading
slow,26.64,7.574458036083904,2.8272924636812715,9,6.614521481723199,0.4488318049115013,0.5031406612143741,loading
slow,26.66,7.582309970711883,2.8334096583239634,9,6.624564643679889,0.44799471888690146,0.5012703227063042,loading
slow,26.68,7.590149343706649,2.839495807194962,9,6.634570479048279,0.4471607440472779,0.4994076156137339,loading
slow,26.7,7.597976200236499,2.845551040008446,9,6.644539140126679,0.4463298676984856,0.49755250850580524,loading
slow,26.72,7.6057905852859875,2.8515754859440965,9,6.654470778587092,0.44550207719859036,0.4957049701754812,loading
slow,26.740000000000002,7.613592543656679,2.857569273649284,9,6.664365545477618,0.4446773599576538,0.4938649694636865,loading
slow,26.76,7.621382119967915,2.8635325312412694,9,6.67422359122522,0.4438557034375159,0.492032475411186,loading
slow,26.78,7.629159358657557,2.8694653863093924,9,6.684045065638163,0.4430370951515785,0.49020745710492974,loading
slow,26.8,7.63692430398272,2.875367965917232,9,6.693830117908575,0.4422215226646027,0.488389883806839,loading
slow,26.82,7.644677000020543,2.881240396604788,9,6.703578896615032,0.441408973592488,0.486579724888081,loading
slow,26.84,7.652417490668906,2.887082804390604,9,6.713291549725046,0.4405994356020714,0.48477694990278763,loading
slow,26.86,7.660145819647177,2.892895314773963,9,6.722968224597544,0.4397928964109076,0.48298152843528896,loading
slow,26.88,7.667862030496938,2.8986780527369733,9,6.732609067985439,0.4389893437870691,0.4811934302679788,loading
slow,26.900000000000002,7.675566166582733,2.9044311427467377,9,6.74221422603808,0.43818876554893116,0.47941262525430517,loading
slow,26.92,7.683258271092779,2.910154708757444,9,6.751783844303807,0.43739114956496716,0.4776390834129174,loading
slow,26.94,7.69093838703969,2.9158488742124855,9,6.761318067732319,0.4365964837535501,0.4758727749196723,loading
slow,26.96,7.645613329891617,2.8420358436914235,8,6.664842508637222,0.4446367965874801,0.4840676869832805,loading
slow,26.98,7.653289739602663,2.847860556993035,8,6.67450542679435,0.44383140718617253,0.48231302842083323,loading
slow,27.0,7.6609544496411175,2.8536561005488172,8,6.684133325369367,0.44302893666704357,0.4805653738895188,loading
slow,27.02,7.6686075007891645,2.8594225937520568,8,6.693726344146621,0.44222937337904666,0.4788246951807906,loading
slow,27.04,7.676303163227097,2.865241459175894,9,6.70339304078943,0.44142457279356073,0.48791431215899905,loading
slow,27.060000000000002,7.684040983699202,2.8711118315904507,9,6.713132323440042,0.4406128151813996,0.48610561683748443,loading
slow,27.080000000000002,7.691766611339936,2.876952204034005,9,6.722835509703958,0.43980406621629664,0.484304299518179,loading
slow,27.1,7.699480089833067,2.8827627019066697,9,6.732502746823205,0.4389983136255605,0.482510329931074,loading
slow,27.12,7.707181462684737,2.888543450091827,9,6.742134181434182,0.4381955451869689,0.4807236778088253,loading
slow,27.14,7.714870773224163,2.89429457295822,9,6.751729959570285,0.43739574872856457,0.4789443130590598,loading
slow,27.16,7.722548064604386,2.9000161943621166,9,6.7612902266643,0.43659891212845514,0.477172205760823,loading
slow,27.18,7.7302133798029935,2.9057084376493867,9,6.770815127550862,0.43580502331459436,0.47540732599404834,loading
slow,27.2,7.737866761622833,2.9113714256576144,9,6.780304806469015,0.43501407026458916,0.4736496440855831,loading
slow,27.22,7.745508252692744,2.9170052807182043,9,6.789759407064558,0.4342260410054871,0.47189913040401876,loading
slow,27.240000000000002,7.75313789546826,2.9226101246584304,9,6.799179072392533,0.4334409236135791,0.47015575548314814,loading
slow,27.26,7.760755732232322,2.9281860788035443,9,6.808563944919685,0.43265870621419167,0.46841948998466165,loading
slow,27.28,7.768361805095989,2.9337332639788163,9,6.817914166526795,0.43187937698148826,0.4666903046537385,loading
slow,27.3,7.7759561559991575,2.939251800511618,9,6.827229878511186,0.4311029241382628,0.4649681703385866,loading
slow,27.32,7.702555120969841,2.8234059099924056,8,6.6746834704773015,0.4438167312936566,0.4842460011804661,loading
slow,27.34,7.7102146823573925,2.8292425986961964,8,6.684349939874881,0.4430110458363298,0.48248991083887915,loading
slow,27.36,7.71796639380511,2.8352057202922682,9,6.694188917194813,0.4421918925288034,0.4916275404536208,loading
slow,27.38,7.725711262700216,2.8411466662000744,9,6.704002297550165,0.44137395878448205,0.48980296394951495,loading
slow,27.400000000000002,7.733443850733785,2.847057339217747,9,6.713779264584629,0.44055906010387147,0.48798583108577986,loading
slow,27.42,7.741164201971387,2.852937865862821,9,6.7235199668485235,0.4397471841052224,0.48617611119183834,loading
slow,27.44,7.748872360299405,2.8587883721315426,9,6.733224552281229,0.43893831845771236,0.48437377377652524,loading
slow,27.46,7.756568369425722,2.864608983500911,9,6.742893168213779,0.4381324508812292,0.4825787885298638,loading
slow,27.48,7.764252272880491,2.87039982493091,9,6.752525961371144,0.4373295691461673,0.48079112515075906,loading
slow,27.5,7.7719241140168265,2.876161020866573,9,6.762123077874967,0.43652966107321667,0.4790107535663779,loading
slow,27.52,7.77958393601158,2.8818926952401336,9,6.771684663245904,0.4357327145331571,0.47723764378915234,loading
slow,27.54,7.787231781866026,2.887594971473132,9,6.78121086240612,0.4349387174466527,0.4754717659514185,loading
slow,27.560000000000002,7.7948676944066015,2.893267972478497,9,6.790701819681787,0.4341476577840432,0.47371309030452835,loading
slow,27.580000000000002,7.802491716285623,2.8989118206626796,9,6.800157678805465,0.4333595235651456,0.4719615872117444,loading
slow,27.6,7.8101038899819955,2.9045266379276837,9,6.809578582918679,0.43257430285904375,0.4702172272033067,loading
slow,27.62,7.8177042578019424,2.910112545673205,9,6.8189646745741905,0.4317919837838934,0.46847998091070764,loading
slow,27.64,7.748645560422013,2.8007504436752675,8,6.675073223886257,0.4437843985746138,0.4860067816228053,loading
slow,27.66,7.756300052545214,2.80662480172346,8,6.684774827996065,0.44297578458297815,0.48424299180283015,loading
slow,27.68,7.763942803442845,2.812469828568424,8,6.69444123028983,0.4421701046627844,0.4824862432428745,loading
slow,27.7,7.771573854107366,2.818285644241148,8,6.704072571294822,0.44136734710106285,0.48073650757629593,loading
slow,27.72,7.7791932453681945,2.824072368288467,8,6.713668990972557,0.44056750023200386,0.4789937566034297,loading
slow,27.740000000000002,7.78680101789233,2.829830119774992,8,6.723230628721152,0.43977055243675245,0.47725796218145433,loading
slow,27.76,7.7943972121850535,2.835559017285097,8,6.732757623377622,0.43897649214322443,0.4755290963149861,loading
slow,27.78,7.801981868590531,2.8412591789248083,8,6.742250113220051,0.4381853078259209,0.47380713110278805,loading
slow,27.8,7.809555027292486,2.846930722323738,8,6.7517082359699705,0.4373969880057368,0.47209203881237727,loading
slow,27.82,7.6053969676154125,2.535502637502866,6,6.338201121310576,0.47185970981148706,0.5176390484198379,loading
slow,27.84,7.613102763079219,2.5419838392438803,6,6.348535220783493,0.4709983866778341,0.515860917502664,loading
slow,27.86,7.620797278572695,2.5484351884975616,6,6.358833827783901,0.47014002180660175,0.5140894631221471,loading
slow,27.88,7.628480550933492,2.554856800110438,6,6.369097075577184,0.46928460409023665,0.5123246600238218,loading
slow,27.900000000000002,7.636152616861644,2.5612487884933635,6,6.379325096924179,0.46843212246323607,0.5105664830118428,loading
slow,27.92,7.405592112539718,2.210832802611497,5,5.913628858881362,0.5072448227631072,0.5667320386493202,loading
slow,27.94,7.413562980464256,2.218360002740637,6,5.925141492972768,0.5062876313395279,0.5930690471043221,loading
slow,27.96,7.421705081292565,2.2261286595246323,6,5.936981200170919,0.5053008171616957,0.5910061112679443,loading
slow,27.98,7.429834344768572,2.233862557747424,6,5.948779730131712,0.5043174350665829,0.5889509307070995,loading
slow,28.0,7.437950813598899,2.241561830852539,6,5.960537237651991,0.5033374721520041,0.5869034760408454,loading
slow,28.02,7.446054530330322,2.2492266117773574,6,5.972253876942535,0.5023609155646265,0.5848637180534411,loading
slow,28.04,7.454145537350378,2.2568570329550215,6,5.983929801630218,0.5013877524997787,0.5828316275628964,loading
slow,28.060000000000002,7.462223876887943,2.264453226316335,6,5.995565164760315,0.5004179702012694,0.5808071755488697,loading
slow,28.080000000000002,7.47028959101387,2.272015323291688,6,6.007160118798623,0.4994515559612064,0.5787903330993771,loading
slow,28.1,7.478342721641553,2.279543454812938,6,6.018714815633716,0.49848849711980714,0.5767810714019106,loading
slow,28.12,7.4863833105275575,2.2870377513153124,6,6.030229406579087,0.4975287810652227,0.5747793617594255,loading
slow,28.14,7.494411399272174,2.294498342739272,6,6.041704042375356,0.4965723952333513,0.5727851755708002,loading
slow,28.16,7.502427029320035,2.301925358532389,6,6.05313887319241,0.49561932710766265,0.5707984843610348,loading
slow,28.18,7.510430241960712,2.3093189276512427,6,6.064534048631598,0.49466956421901287,0.5688192597528285,loading
slow,28.2,7.518421078329268,2.3166791785632332,6,6.075889717727863,0.49372309414546656,0.5668474734612516,loading
slow,28.22,7.526399579406881,2.3240062392484733,6,6.087206028951922,0.4927799045121185,0.5648830973434826,loading
slow,28.240000000000002,7.534365786021404,2.3313002372016216,6,6.098483130212319,0.491839982990918,0.5629261033348598,loading
slow,28.26,7.542319738847944,2.3385612994337155,6,6.109721168857693,0.49090331730048387,0.5609764634986192,loading
slow,28.28,7.550261478409453,2.345789552474013,6,6.120920291678738,0.4899698952059359,0.559034149969051,loading
slow,28.3,7.558191045077297,2.352985122371818,6,6.132080644910468,0.48903970451871404,0.5570991350367649,loading
slow,28.32,7.566108479071826,2.360148134698287,6,6.143202374234193,0.48811273309640413,0.5551713910421086,loading
slow,28.34,7.574013820462945,2.36727871454825,6,6.15428562477973,0.48718896884256235,0.5532508904781963,loading
slow,28.36,7.5819071091707,2.374376986542031,6,6.165330541127387,0.4862683997065438,0.5513376059127495,loading
slow,28.38,7.589788384965825,2.381443074827215,6,6.1763372673101316,0.4853510136833238,0.5494315100165181,loading
slow,28.400000000000002,7.403171171239961,2.096995225617755,5,5.798580811237738,0.5168339792948207,0.5885627755857215,loading
slow,28.42,7.184916018313199,1.7660725526859826,6,5.3585305618425805,0.5535139392996427,0.6978334382932161,loading
slow,28.44,7.1936522929105315,1.7756352498451737,6,5.372461396300435,0.5523528315163144,0.6953744962086006,loading
slow,28.46,7.202373568599427,1.7851563648561093,6,5.386343149155821,0.5511958146378015,0.6929248094404983,loading
slow,28.48,7.21107989624651,1.7946360570236197,6,5.4001760051468795,0.5500428732663392,0.6904843429502705,loading
slow,28.5,7.219771326527663,1.8040744850484087,6,5.413960148312245,0.5488939920624647,0.6880530618218472,loading
slow,28.52,7.228447909928725,1.813471807029322,6,5.42769576199369,0.5477491557447971,0.685630931256398,loading
slow,28.54,7.237109696746213,1.8228281804656288,6,5.441383028838735,0.5466083490898241,0.6832179166256225,loading
slow,28.560000000000002,7.245756737088058,1.8321437622593093,6,5.455022130803338,0.5454715569316719,0.6808139834024729,loading
slow,28.580000000000002,7.254688198871381,1.8418670823170646,8,5.469211181752748,0.5442926964215964,0.7235388119042341,loading
slow,28.6,7.263756129538109,1.8517753282954827,8,5.483653393064529,0.5430889522504625,0.720820070078787,loading
slow,28.62,7.2728068153944605,1.8616379362353956,8,5.498041343932627,0.5418897306902692,0.7181122158570474,loading
slow,28.64,7.281840319540958,1.8714550918778066,8,5.51237525164828,0.5406950136297581,0.7154152053772123,loading
slow,28.66,7.290856704826034,1.8812269802148343,8,5.526655332627833,0.5395047830305959,0.7127289949835358,loading
slow,28.68,7.299856033847028,1.8909537854927319,8,5.540881802416237,0.5383190209270812,0.7100535412121189,loading
slow,28.7,7.308967048979991,1.9008285567969512,9,5.555312081286948,0.5371176113629941,0.7234176428774219,loading
slow,28.72,7.318092404598033,1.910705048863395,9,5.569751251162401,0.5359141157460057,0.7206401144701502,loading
slow,28.740000000000002,7.327199897864638,1.9205350409507629,9,5.5841349898830845,0.5347152403390218,0.7178739513475918,loading
slow,28.76,7.336289595783761,1.9303187263715171,9,5.598463524263381,0.5335209662369464,0.7151191067391593,loading
slow,28.78,7.345361565085753,1.9400562976418643,9,5.61273708018474,0.5323312746124484,0.7123755341220672,loading
slow,28.8,7.354415872228486,1.9497479464850518,9,5.626955882599282,0.5311461467156502,0.7096431870854403,loading
slow,28.82,7.363452583398448,1.9593938638346076,9,5.641120155533837,0.529965563873805,0.7069220194981796,loading
slow,28.84,7.372478285033992,1.9690040201317427,10,5.655243162648727,0.5287895074909794,0.7172525404808283,binding
slow,28.86,7.38160997697711,1.978753792430403,10,5.66955878091896,0.5275963058644528,0.7144512923940027,loading
slow,28.88,7.390723444084198,1.988456774753409,10,5.6838184967954835,0.526407763742851,0.7116617096958322,loading
slow,28.900000000000002,7.39981875606194,1.9981131650426631,10,5.698022543073636,0.5252238617224985,0.7088837436164397,loading
slow,28.92,7.408895982327291,2.0077231604104138,10,5.712171151574042,0.5240445804809513,0.7061173454570024,loading
slow,28.94,7.41795519200862,2.017286957142633,10,5.726264553146956,0.5228699007766591,0.7033624668650873,loading
slow,28.96,7.426996453946984,2.026804750702577,10,5.740302977676064,0.5216998034486231,0.7006190595415518,loading
slow,28.98,7.43601983669728,2.036276735734162,10,5.754286654082781,0.5205342694160591,0.6978870754892341,loading
slow,29.0,7.445025408529478,2.045703106065429,10,5.768215810330151,0.5193732796780599,0.6951664668708446,loading
slow,29.02,7.454013237429795,2.0550840547119535,10,5.7820906734268345,0.5182168153132727,0.6924571861066653,loading
slow,29.04,7.462983391101886,2.064419773880256,10,5.795911469431177,0.5170648574795478,0.689759185750205,loading
slow,29.060000000000002,7.471935936968027,2.073710454971158,10,5.8096784234551695,0.5159173874136187,0.6870724185947807,loading
slow,29.080000000000002,7.480870942170299,2.082956288583217,10,5.823391759668366,0.5147743864307681,0.6843968375846998,loading
slow,29.1,7.489788473571757,2.0921574645160304,10,5.837051701301881,0.513635835924499,0.6817323958685506,loading
slow,29.12,7.498688597757578,2.1013141717735966,10,5.850658470652384,0.5125017173662094,0.6790790468969021,loading
slow,29.14,7.507571381036271,2.1104265985676784,10,5.8642122890857955,0.5113720123048648,0.6764367441736141,loading
slow,29.16,7.516436889440797,2.1194949323210874,10,5.877713377041472,0.510246702366665,0.6738054414512362,loading
slow,29.18,7.525285188729715,2.1285193596709857,10,5.891161954035827,0.5091257692547391,0.671185092695481,loading
slow,29.2,7.534116344388362,2.137500066472199,10,5.9045582386663735,0.5080091947488063,0.6685756520496966,loading
slow,29.22,7.54293042162999,2.1464372378004906,10,5.917902448615473,0.5068969607048657,0.6659770738615123,loading
slow,29.240000000000002,7.551727485396885,2.1553310579558134,10,5.931194800654243,0.5057890490548655,0.6633893126295476,loading
slow,29.26,7.560507600361515,2.164181710465554,10,5.944435510646311,0.5046854418063984,0.6608123230922303,loading
slow,29.28,7.569270830927664,2.1729893780878005,10,5.957624793551604,0.5035861210423771,0.6582460601300966,loading
slow,29.3,7.578037418406467,2.1817845025233327,11,5.9708032117265475,0.5024885466490923,0.6657715156537236,loading
slow,29.32,7.586867566753405,2.190657275974491,11,5.9840910593512024,0.5013810072501017,0.6631463524229275,loading
slow,29.34,7.595680372623388,2.1994863339101536,11,5.997326520221817,0.500277834338013,0.6605322779726919,loading
slow,29.36,7.604475903035812,2.208271864102536,11,6.010509815620453,0.49917900946873806,0.6579292453094965,loading
slow,29.38,7.613254224727491,2.217014053525236,11,6.02364116588897,0.49808451427654,0.6553372074495911,loading
slow,29.400000000000002,7.6220154041537995,2.225713088356553,11,6.036720790433431,0.4969943304736918,0.6527561177316343,loading
slow,29.42,7.63075950748992,2.2343691539829185,11,6.049748907727854,0.4959084398501473,0.6501859296212942,loading
slow,29.44,7.639486600632008,2.2429824350022476,11,6.062725735318239,0.4948268242732199,0.6476265968773376,loading
slow,29.46,7.648196749198384,2.2515531152273014,11,6.075651489826472,0.4937494656872371,0.6450780733171513,loading
slow,29.48,7.65689001853071,2.2600813776889868,11,6.088526386954317,0.49267634611322786,0.6425403130512208,loading
slow,29.5,7.665566473695161,2.2685674046397186,11,6.101350641487279,0.49160744764859055,0.6400132703658912,loading
slow,29.52,7.674226179483615,2.277011377556723,11,6.1141244672985255,0.49054275246676815,0.6374968997429065,loading
slow,29.54,7.682869200414785,2.2854134771453185,11,6.126848077352695,0.48948224281692465,0.6349911557910204,loading
slow,29.560000000000002,7.691495600735411,2.2937738833421917,11,6.139521683709893,0.48842590102363304,0.6324959934902452,loading
slow,29.580000000000002,7.700105444421396,2.3020927753186897,11,6.152145497529398,0.48737370948653114,0.6300113677717434,loading
slow,29.6,7.7086987951789645,2.3103703314840547,11,6.164719729073515,0.48632565068003364,0.627537233918396,loading
slow,29.62,7.717275716445798,2.318606729488651,11,6.177244587711537,0.4852817071529868,0.6250735473791735,loading
slow,29.64,7.72583627139219,2.326802146227224,11,6.189720281923299,0.4842418615283741,0.6226202637886757,loading
slow,29.66,7.734380522922169,2.3349567578420762,11,6.202147019303136,0.48320609650298185,0.6201773389182819,loading
slow,29.68,7.74290853367464,2.3430707397262975,11,6.214525006563614,0.4821743948471008,0.6177447288227,loading
slow,29.7,7.751420366024497,2.351144266526924,11,6.226854449539174,0.48114673940420427,0.6153223896250282,loading
slow,29.72,7.7599160820837625,2.359177512148122,11,6.239135553189994,0.4801231130906448,0.612910277731693,loading
slow,29.740000000000002,7.7683957437026905,2.3671706497543483,11,6.251368521605669,0.4791034988953339,0.610508349676131,loading
slow,29.76,7.77685941247087,2.3751238517734707,11,6.263553558008895,0.47808787987944834,0.6081165622751072,loading
slow,29.78,7.7853071497183635,2.3830372898999292,11,6.275690864759104,0.47707623917610587,0.6057348723746969,loading
slow,29.8,7.793739016516778,2.390911135097837,11,6.287780643356227,0.4760685599900756,0.603363237133614,loading
slow,29.82,7.802155073680371,2.398745557604085,11,6.299823094444255,0.475064825597462,0.6010016137985019,loading
slow,29.84,7.8105553817671485,2.4065407269314325,11,6.311818417814997,0.47406501934540524,0.5986499598602535,loading
slow,29.86,7.818940001079959,2.4142968118715946,11,6.3237668124115745,0.4730691246517843,0.5963082329856206,loading
slow,29.88,7.827308991667557,2.422013980498292,11,6.335668476332054,0.4720771250049136,0.5939763910172147,loading
slow,29.900000000000002,7.630691498042598,2.1222513995518715,10,5.937597148573164,0.4710890039632334,-409.3348038680355,rupture
slow,29.92,7.639457186686183,2.131146527395638,10,5.9508751207387105,0.5041489625397242,0.6626712154016445,loading
slow,29.94,7.648205946694915,2.1399985152019356,10,5.96410148854939,0.5030465506297921,0.6600961068947697,loading
slow,29.96,7.65693784242492,2.1488075456022706,10,5.97727646681473,0.501948422075227,0.6575317174544182,loading
slow,29.98,7.665652937964936,2.1575738004625653,10,5.990400269445035,0.5008545590464311,0.6549780022080398,loading
slow,30.0,7.6743512971374415,2.1662974608863985,10,6.003473109455135,0.49976494378845027,0.6524349165388799,loading
